Workbook

Sheet QC_CHECK
A1: QC_CHECK — Multi-validation & Gate (v3)
A3: Check | B3: Formula / Logic | C3: Result | D3: Status
A4: Symbol present | B4: CONTROL!B3<>"" | C4: =IF(CONTROL!B3<>"","OK","MISSING") | D4: =IF(C4="OK","PASS","FAIL")
A5: Spot present | B5: CONTROL!B4<>"" | C5: =IF(CONTROL!B4<>"","OK","MISSING") | D5: =IF(C5="OK","PASS","FAIL")
A6: Lot size present | B6: CONTROL!B5<>"" | C6: =IF(CONTROL!B5<>"","OK","MISSING") | D6: =IF(C6="OK","PASS","FAIL")
A7: Expiry present | B7: CONTROL!B7<>"" | C7: =IF(CONTROL!B7<>"","OK","MISSING") | D7: =IF(C7="OK","PASS","FAIL")
A8: Capital present | B8: CONTROL!B11<>"" | C8: =IF(CONTROL!B11<>"","OK","MISSING") | D8: =IF(C8="OK","PASS","FAIL")
A9: Chain rows present | B9: COUNTA(tblChainRaw[Identifier])>0 | C9: =IF(COUNTA(tblChainRaw[Identifier])>0,"OK","NO DATA") | D9: =IF(C9="OK","PASS","FAIL")
A10: Ask >= Bid where present | B10: SUMPRODUCT(--(tblChainRaw[Ask Price]<>""),--(tblChainRaw[Bid Price]<>""),--(tblChainRaw[Ask Price]<tblChainRaw[Bid Price]))=0 | C10: =LET(v,SUMPRODUCT(--(tblChainRaw[Ask Price]<>""),--(tblChainRaw[Bid Price]<>""),--(tblChainRaw[Ask Price]<tblChainRaw[Bid Price])),IF(v=0,"OK",v&" violations")) | D10: =IF(LEFT(C10,2)="OK","PASS","FAIL")
A11: IV decimal in [0,3] | B11: MAX(tblChainRaw[IV (decimal)])<=3 | C11: =IF(MAX(tblChainRaw[IV (decimal)])<=3,"OK","IV TOO HIGH") | D11: =IF(C11="OK","PASS","FAIL")
A12: IV non-negative | B12: MIN(tblChainRaw[IV (decimal)])>=0 | C12: =IF(MIN(tblChainRaw[IV (decimal)])>=0,"OK","NEGATIVE IV") | D12: =IF(C12="OK","PASS","FAIL")
A13: Greeks T positive (row4) | B13: GREEKS!G4>0 | C13: =IF(GREEKS!G4>0,"OK","BAD T") | D13: =IF(C13="OK","PASS","FAIL")
A14: Expected Move computed | B14: CHAIN_CALC!B22>0 | C14: =IF(CHAIN_CALC!B22>0,"OK","BAD") | D14: =IF(C14="OK","PASS","FAIL")
A15: Delta PCR computed | B15: DELTA_PCR!B10<>"" | C15: =IF(DELTA_PCR!B10<>"","OK","MISSING") | D15: =IF(C15="OK","PASS","FAIL")
A16: Strategy chosen | B16: STRATEGY_ENGINE!B10<>"" | C16: =IF(STRATEGY_ENGINE!B10<>"","OK","MISSING") | D16: =IF(C16="OK","PASS","FAIL")
A17: Not NO TRADE | B17: STRATEGY_ENGINE!B10<>"NO TRADE" | C17: =IF(STRATEGY_ENGINE!B10<>"NO TRADE","OK","NO TRADE") | D17: =IF(C17="OK","PASS","FAIL")
A18: POP gate pass | B18: PROBABILITY_ENGINE!B12="PASS" | C18: =IF(PROBABILITY_ENGINE!B12="PASS","OK","FAIL") | D18: =IF(C18="OK","PASS","FAIL")
A21: OVERALL GATE | B21: All checks must PASS | C21: =IF(COUNTIF(D4:D19,"FAIL")=0,"ALL PASS","FAILURES") | D21: =IF(C21="ALL PASS","PASS","FAIL")

Sheet HELP
A1: How to use this workbook
A3: Section | B3: Instruction
A4: 1) Set CONTROL inputs | B4: Fill blue cells in CONTROL (Instrument, Expiry, Spot, Strike Step, etc.).
A5: 2) Load live option chain | B5: Fill CHAIN_RAW rows (starting row 3) with one row per strike containing CE & PE fields.
A6: 3) QC gate | B6: Go to QC_CHECK. QC_STATUS must be PASS. If FAIL, fix CHAIN_RAW.
A7: 4) View signals | B7: Open SUMMARY. If QC passes, the Bias/Confidence and trade idea updates automatically.
A8: 5) Log outcomes | B8: After trade, append one row in SIGNALS_LOG to track accuracy and refine rules.
A9: Data format notes | B9: Timestamp must be Excel datetime. IV must be decimal (e.g., 0.15 = 15%). OI/Volume numeric.
A10: No dynamic arrays | B10: Workbook avoids FILTER/XLOOKUP to stay compatible.

Sheet CONTROL
A1: OPTION CHAIN MASTER (REBUILT) — CONTROL PANEL
A3: Inputs (blue)
A4: Market | B4: INDIA | D4: Derived (black/green)
A5: Instrument | B5: NIFTY | D5: ATM Strike | E5: =IFERROR(ROUND($B$7/$B$8,0)*$B$8,"")
A6: Expiry (YYYY-MM-DD) | D6: Spot (fallback from CHAIN_RAW if blank) | E6: =IF($B$7<>"",$B$7,IFERROR(AVERAGE(CHAIN_RAW!$D$2:$D$2001),""))
A7: Spot / Underlying Price | D7: Expiry (fallback from CHAIN_RAW if blank) | E7: =IF($B$6<>"",$B$6,IFERROR(INDEX(CHAIN_RAW!$C$2:$C$2001,1),""))
A8: Strike Step | B8: 50
A9: Timezone | B9: Asia/Kolkata
A10: Data Timestamp (from CHAIN_RAW) | B10: =IFERROR(MAX(CHAIN_RAW!$A$2:$A$2001),"")
A11: Min rows required | B11: 200
A12: Max allowed staleness (seconds) | B12: 30
A13: Risk per trade (%) | B13: 1.0
A14: Max loss per day (%) | B14: 2.0
A15: Mode | B15: INTRADAY
A16: Signal engine | B16: V3_RULES

Sheet CHAIN_RAW
A1: LIVE OPTION CHAIN (RAW) — Paste/Import rows here (no formulas)
A2: Timestamp (Excel datetime) | B2: Symbol | C2: Expiry | D2: Spot | E2: Strike | F2: CE_LTP | G2: CE_IV | H2: CE_OI | I2: CE_ChgOI | J2: CE_Vol | K2: CE_Bid | L2: CE_Ask | M2: PE_LTP | N2: PE_IV | O2: PE_OI | P2: PE_ChgOI | Q2: PE_Vol | R2: PE_Bid | S2: PE_Ask | T2: Source

Sheet CHAIN_CALC
A1: DERIVED OPTION CHAIN METRICS (CALC) — auto from CHAIN_RAW
A2: Timestamp | B2: Symbol | C2: Expiry | D2: Spot | E2: Strike | F2: Moneyness | G2: CE_Mid | H2: PE_Mid | I2: CE_Spread% | J2: PE_Spread% | K2: CE_IV | L2: PE_IV | M2: IV_Skew (PE-CE) | N2: CE_OI | O2: PE_OI | P2: PCR_OI (PE/CE) | Q2: CE_ChgOI | R2: PE_ChgOI | S2: PCR_ChgOI | T2: OI_Wall_Score | U2: Support/Resistance | V2: Build_Type | W2: Signal_Contribution | X2: Notes
A3: =CHAIN_RAW!A3 | B3: =CHAIN_RAW!B3 | C3: =CHAIN_RAW!C3 | D3: =CHAIN_RAW!D3 | E3: =CHAIN_RAW!E3 | F3: =IFERROR((E3-D3)/D3,"") | G3: =IFERROR((CHAIN_RAW!K3+CHAIN_RAW!L3)/2,"") | H3: =IFERROR((CHAIN_RAW!R3+CHAIN_RAW!S3)/2,"") | I3: =IFERROR((CHAIN_RAW!L3-CHAIN_RAW!K3)/MAX(1E-9, G3),"") | J3: =IFERROR((CHAIN_RAW!S3-CHAIN_RAW!R3)/MAX(1E-9, H3),"") | K3: =CHAIN_RAW!G3 | L3: =CHAIN_RAW!N3 | M3: =IFERROR(L3-K3,"") | N3: =CHAIN_RAW!H3 | O3: =CHAIN_RAW!O3 | P3: =IFERROR(O3/N3,"") | Q3: =CHAIN_RAW!I3 | R3: =CHAIN_RAW!P3 | S3: =IFERROR(R3/Q3,"") | T3: =IFERROR((ABS(N3-O3)/MAX(1,(N3+O3)))*EXP(-ABS(E3-CONTROL!E5)/MAX(1,CONTROL!B8)),"") | U3: =IFERROR(IF(O3>N3,"SUPPORT (PE OI)","RESIST (CE OI)"),"") | V3: =IFERROR(IF(Q3>0,IF(R3>0,"BOTH_ADD","CE_ADD_PE_REDUCE"),IF(R3>0,"CE_REDUCE_PE_ADD","BOTH_REDUCE")),"") | W3: =IFERROR( (P3-1)*0.5 + (M3)*0.1 - (I3+J3)*0.05 + T3*0.4 ,"") | X3: =IFERROR(IF(ABS(F3)<0.01,"ATM/NEAR",""),"")
A4: =CHAIN_RAW!A4 | B4: =CHAIN_RAW!B4 | C4: =CHAIN_RAW!C4 | D4: =CHAIN_RAW!D4 | E4: =CHAIN_RAW!E4 | F4: =IFERROR((E4-D4)/D4,"") | G4: =IFERROR((CHAIN_RAW!K4+CHAIN_RAW!L4)/2,"") | H4: =IFERROR((CHAIN_RAW!R4+CHAIN_RAW!S4)/2,"") | I4: =IFERROR((CHAIN_RAW!L4-CHAIN_RAW!K4)/MAX(1E-9, G4),"") | J4: =IFERROR((CHAIN_RAW!S4-CHAIN_RAW!R4)/MAX(1E-9, H4),"") | K4: =CHAIN_RAW!G4 | L4: =CHAIN_RAW!N4 | M4: =IFERROR(L4-K4,"") | N4: =CHAIN_RAW!H4 | O4: =CHAIN_RAW!O4 | P4: =IFERROR(O4/N4,"") | Q4: =CHAIN_RAW!I4 | R4: =CHAIN_RAW!P4 | S4: =IFERROR(R4/Q4,"") | T4: =IFERROR((ABS(N4-O4)/MAX(1,(N4+O4)))*EXP(-ABS(E4-CONTROL!E5)/MAX(1,CONTROL!B8)),"") | U4: =IFERROR(IF(O4>N4,"SUPPORT (PE OI)","RESIST (CE OI)"),"") | V4: =IFERROR(IF(Q4>0,IF(R4>0,"BOTH_ADD","CE_ADD_PE_REDUCE"),IF(R4>0,"CE_REDUCE_PE_ADD","BOTH_REDUCE")),"") | W4: =IFERROR( (P4-1)*0.5 + (M4)*0.1 - (I4+J4)*0.05 + T4*0.4 ,"") | X4: =IFERROR(IF(ABS(F4)<0.01,"ATM/NEAR",""),"")
A5: =CHAIN_RAW!A5 | B5: =CHAIN_RAW!B5 | C5: =CHAIN_RAW!C5 | D5: =CHAIN_RAW!D5 | E5: =CHAIN_RAW!E5 | F5: =IFERROR((E5-D5)/D5,"") | G5: =IFERROR((CHAIN_RAW!K5+CHAIN_RAW!L5)/2,"") | H5: =IFERROR((CHAIN_RAW!R5+CHAIN_RAW!S5)/2,"") | I5: =IFERROR((CHAIN_RAW!L5-CHAIN_RAW!K5)/MAX(1E-9, G5),"") | J5: =IFERROR((CHAIN_RAW!S5-CHAIN_RAW!R5)/MAX(1E-9, H5),"") | K5: =CHAIN_RAW!G5 | L5: =CHAIN_RAW!N5 | M5: =IFERROR(L5-K5,"") | N5: =CHAIN_RAW!H5 | O5: =CHAIN_RAW!O5 | P5: =IFERROR(O5/N5,"") | Q5: =CHAIN_RAW!I5 | R5: =CHAIN_RAW!P5 | S5: =IFERROR(R5/Q5,"") | T5: =IFERROR((ABS(N5-O5)/MAX(1,(N5+O5)))*EXP(-ABS(E5-CONTROL!E5)/MAX(1,CONTROL!B8)),"") | U5: =IFERROR(IF(O5>N5,"SUPPORT (PE OI)","RESIST (CE OI)"),"") | V5: =IFERROR(IF(Q5>0,IF(R5>0,"BOTH_ADD","CE_ADD_PE_REDUCE"),IF(R5>0,"CE_REDUCE_PE_ADD","BOTH_REDUCE")),"") | W5: =IFERROR( (P5-1)*0.5 + (M5)*0.1 - (I5+J5)*0.05 + T5*0.4 ,"") | X5: =IFERROR(IF(ABS(F5)<0.01,"ATM/NEAR",""),"")
A6: =CHAIN_RAW!A6 | B6: =CHAIN_RAW!B6 | C6: =CHAIN_RAW!C6 | D6: =CHAIN_RAW!D6 | E6: =CHAIN_RAW!E6 | F6: =IFERROR((E6-D6)/D6,"") | G6: =IFERROR((CHAIN_RAW!K6+CHAIN_RAW!L6)/2,"") | H6: =IFERROR((CHAIN_RAW!R6+CHAIN_RAW!S6)/2,"") | I6: =IFERROR((CHAIN_RAW!L6-CHAIN_RAW!K6)/MAX(1E-9, G6),"") | J6: =IFERROR((CHAIN_RAW!S6-CHAIN_RAW!R6)/MAX(1E-9, H6),"") | K6: =CHAIN_RAW!G6 | L6: =CHAIN_RAW!N6 | M6: =IFERROR(L6-K6,"") | N6: =CHAIN_RAW!H6 | O6: =CHAIN_RAW!O6 | P6: =IFERROR(O6/N6,"") | Q6: =CHAIN_RAW!I6 | R6: =CHAIN_RAW!P6 | S6: =IFERROR(R6/Q6,"") | T6: =IFERROR((ABS(N6-O6)/MAX(1,(N6+O6)))*EXP(-ABS(E6-CONTROL!E5)/MAX(1,CONTROL!B8)),"") | U6: =IFERROR(IF(O6>N6,"SUPPORT (PE OI)","RESIST (CE OI)"),"") | V6: =IFERROR(IF(Q6>0,IF(R6>0,"BOTH_ADD","CE_ADD_PE_REDUCE"),IF(R6>0,"CE_REDUCE_PE_ADD","BOTH_REDUCE")),"") | W6: =IFERROR( (P6-1)*0.5 + (M6)*0.1 - (I6+J6)*0.05 + T6*0.4 ,"") | X6: =IFERROR(IF(ABS(F6)<0.01,"ATM/NEAR",""),"")
A7: =CHAIN_RAW!A7 | B7: =CHAIN_RAW!B7 | C7: =CHAIN_RAW!C7 | D7: =CHAIN_RAW!D7 | E7: =CHAIN_RAW!E7 | F7: =IFERROR((E7-D7)/D7,"") | G7: =IFERROR((CHAIN_RAW!K7+CHAIN_RAW!L7)/2,"") | H7: =IFERROR((CHAIN_RAW!R7+CHAIN_RAW!S7)/2,"") | I7: =IFERROR((CHAIN_RAW!L7-CHAIN_RAW!K7)/MAX(1E-9, G7),"") | J7: =IFERROR((CHAIN_RAW!S7-CHAIN_RAW!R7)/MAX(1E-9, H7),"") | K7: =CHAIN_RAW!G7 | L7: =CHAIN_RAW!N7 | M7: =IFERROR(L7-K7,"") | N7: =CHAIN_RAW!H7 | O7: =CHAIN_RAW!O7 | P7: =IFERROR(O7/N7,"") | Q7: =CHAIN_RAW!I7 | R7: =CHAIN_RAW!P7 | S7: =IFERROR(R7/Q7,"") | T7: =IFERROR((ABS(N7-O7)/MAX(1,(N7+O7)))*EXP(-ABS(E7-CONTROL!E5)/MAX(1,CONTROL!B8)),"") | U7: =IFERROR(IF(O7>N7,"SUPPORT (PE OI)","RESIST (CE OI)"),"") | V7: =IFERROR(IF(Q7>0,IF(R7>0,"BOTH_ADD","CE_ADD_PE_REDUCE"),IF(R7>0,"CE_REDUCE_PE_ADD","BOTH_REDUCE")),"") | W7: =IFERROR( (P7-1)*0.5 + (M7)*0.1 - (I7+J7)*0.05 + T7*0.4 ,"") | X7: =IFERROR(IF(ABS(F7)<0.01,"ATM/NEAR",""),"")
A8: =CHAIN_RAW!A8 | B8: =CHAIN_RAW!B8 | C8: =CHAIN_RAW!C8 | D8: =CHAIN_RAW!D8 | E8: =CHAIN_RAW!E8 | F8: =IFERROR((E8-D8)/D8,"") | G8: =IFERROR((CHAIN_RAW!K8+CHAIN_RAW!L8)/2,"") | H8: =IFERROR((CHAIN_RAW!R8+CHAIN_RAW!S8)/2,"") | I8: =IFERROR((CHAIN_RAW!L8-CHAIN_RAW!K8)/MAX(1E-9, G8),"") | J8: =IFERROR((CHAIN_RAW!S8-CHAIN_RAW!R8)/MAX(1E-9, H8),"") | K8: =CHAIN_RAW!G8 | L8: =CHAIN_RAW!N8 | M8: =IFERROR(L8-K8,"") | N8: =CHAIN_RAW!H8 | O8: =CHAIN_RAW!O8 | P8: =IFERROR(O8/N8,"") | Q8: =CHAIN_RAW!I8 | R8: =CHAIN_RAW!P8 | S8: =IFERROR(R8/Q8,"") | T8: =IFERROR((ABS(N8-O8)/MAX(1,(N8+O8)))*EXP(-ABS(E8-CONTROL!E5)/MAX(1,CONTROL!B8)),"") | U8: =IFERROR(IF(O8>N8,"SUPPORT (PE OI)","RESIST (CE OI)"),"") | V8: =IFERROR(IF(Q8>0,IF(R8>0,"BOTH_ADD","CE_ADD_PE_REDUCE"),IF(R8>0,"CE_REDUCE_PE_ADD","BOTH_REDUCE")),"") | W8: =IFERROR( (P8-1)*0.5 + (M8)*0.1 - (I8+J8)*0.05 + T8*0.4 ,"") | X8: =IFERROR(IF(ABS(F8)<0.01,"ATM/NEAR",""),"")
A9: =CHAIN_RAW!A9 | B9: =CHAIN_RAW!B9 | C9: =CHAIN_RAW!C9 | D9: =CHAIN_RAW!D9 | E9: =CHAIN_RAW!E9 | F9: =IFERROR((E9-D9)/D9,"") | G9: =IFERROR((CHAIN_RAW!K9+CHAIN_RAW!L9)/2,"") | H9: =IFERROR((CHAIN_RAW!R9+CHAIN_RAW!S9)/2,"") | I9: =IFERROR((CHAIN_RAW!L9-CHAIN_RAW!K9)/MAX(1E-9, G9),"") | J9: =IFERROR((CHAIN_RAW!S9-CHAIN_RAW!R9)/MAX(1E-9, H9),"") | K9: =CHAIN_RAW!G9 | L9: =CHAIN_RAW!N9 | M9: =IFERROR(L9-K9,"") | N9: =CHAIN_RAW!H9 | O9: =CHAIN_RAW!O9 | P9: =IFERROR(O9/N9,"") | Q9: =CHAIN_RAW!I9 | R9: =CHAIN_RAW!P9 | S9: =IFERROR(R9/Q9,"") | T9: =IFERROR((ABS(N9-O9)/MAX(1,(N9+O9)))*EXP(-ABS(E9-CONTROL!E5)/MAX(1,CONTROL!B8)),"") | U9: =IFERROR(IF(O9>N9,"SUPPORT (PE OI)","RESIST (CE OI)"),"") | V9: =IFERROR(IF(Q9>0,IF(R9>0,"BOTH_ADD","CE_ADD_PE_REDUCE"),IF(R9>0,"CE_REDUCE_PE_ADD","BOTH_REDUCE")),"") | W9: =IFERROR( (P9-1)*0.5 + (M9)*0.1 - (I9+J9)*0.05 + T9*0.4 ,"") | X9: =IFERROR(IF(ABS(F9)<0.01,"ATM/NEAR",""),"")
A10: =CHAIN_RAW!A10 | B10: =CHAIN_RAW!B10 | C10: =CHAIN_RAW!C10 | D10: =CHAIN_RAW!D10 | E10: =CHAIN_RAW!E10 | F10: =IFERROR((E10-D10)/D10,"") | G10: =IFERROR((CHAIN_RAW!K10+CHAIN_RAW!L10)/2,"") | H10: =IFERROR((CHAIN_RAW!R10+CHAIN_RAW!S10)/2,"") | I10: =IFERROR((CHAIN_RAW!L10-CHAIN_RAW!K10)/MAX(1E-9, G10),"") | J10: =IFERROR((CHAIN_RAW!S10-CHAIN_RAW!R10)/MAX(1E-9, H10),"") | K10: =CHAIN_RAW!G10 | L10: =CHAIN_RAW!N10 | M10: =IFERROR(L10-K10,"") | N10: =CHAIN_RAW!H10 | O10: =CHAIN_RAW!O10 | P10: =IFERROR(O10/N10,"") | Q10: =CHAIN_RAW!I10 | R10: =CHAIN_RAW!P10 | S10: =IFERROR(R10/Q10,"") | T10: =IFERROR((ABS(N10-O10)/MAX(1,(N10+O10)))*EXP(-ABS(E10-CONTROL!E5)/MAX(1,CONTROL!B8)),"") | U10: =IFERROR(IF(O10>N10,"SUPPORT (PE OI)","RESIST (CE OI)"),"") | V10: =IFERROR(IF(Q10>0,IF(R10>0,"BOTH_ADD","CE_ADD_PE_REDUCE"),IF(R10>0,"CE_REDUCE_PE_ADD","BOTH_REDUCE")),"") | W10: =IFERROR( (P10-1)*0.5 + (M10)*0.1 - (I10+J10)*0.05 + T10*0.4 ,"") | X10: =IFERROR(IF(ABS(F10)<0.01,"ATM/NEAR",""),"")
A11: =CHAIN_RAW!A11 | B11: =CHAIN_RAW!B11 | C11: =CHAIN_RAW!C11 | D11: =CHAIN_RAW!D11 | E11: =CHAIN_RAW!E11 | F11: =IFERROR((E11-D11)/D11,"") | G11: =IFERROR((CHAIN_RAW!K11+CHAIN_RAW!L11)/2,"") | H11: =IFERROR((CHAIN_RAW!R11+CHAIN_RAW!S11)/2,"") | I11: =IFERROR((CHAIN_RAW!L11-CHAIN_RAW!K11)/MAX(1E-9, G11),"") | J11: =IFERROR((CHAIN_RAW!S11-CHAIN_RAW!R11)/MAX(1E-9, H11),"") | K11: =CHAIN_RAW!G11 | L11: =CHAIN_RAW!N11 | M11: =IFERROR(L11-K11,"") | N11: =CHAIN_RAW!H11 | O11: =CHAIN_RAW!O11 | P11: =IFERROR(O11/N11,"") | Q11: =CHAIN_RAW!I11 | R11: =CHAIN_RAW!P11 | S11: =IFERROR(R11/Q11,"") | T11: =IFERROR((ABS(N11-O11)/MAX(1,(N11+O11)))*EXP(-ABS(E11-CONTROL!E5)/MAX(1,CONTROL!B8)),"") | U11: =IFERROR(IF(O11>N11,"SUPPORT (PE OI)","RESIST (CE OI)"),"") | V11: =IFERROR(IF(Q11>0,IF(R11>0,"BOTH_ADD","CE_ADD_PE_REDUCE"),IF(R11>0,"CE_REDUCE_PE_ADD","BOTH_REDUCE")),"") | W11: =IFERROR( (P11-1)*0.5 + (M11)*0.1 - (I11+J11)*0.05 + T11*0.4 ,"") | X11: =IFERROR(IF(ABS(F11)<0.01,"ATM/NEAR",""),"")
A12: =CHAIN_RAW!A12 | B12: =CHAIN_RAW!B12 | C12: =CHAIN_RAW!C12 | D12: =CHAIN_RAW!D12 | E12: =CHAIN_RAW!E12 | F12: =IFERROR((E12-D12)/D12,"") | G12: =IFERROR((CHAIN_RAW!K12+CHAIN_RAW!L12)/2,"") | H12: =IFERROR((CHAIN_RAW!R12+CHAIN_RAW!S12)/2,"") | I12: =IFERROR((CHAIN_RAW!L12-CHAIN_RAW!K12)/MAX(1E-9, G12),"") | J12: =IFERROR((CHAIN_RAW!S12-CHAIN_RAW!R12)/MAX(1E-9, H12),"") | K12: =CHAIN_RAW!G12 | L12: =CHAIN_RAW!N12 | M12: =IFERROR(L12-K12,"") | N12: =CHAIN_RAW!H12 | O12: =CHAIN_RAW!O12 | P12: =IFERROR(O12/N12,"") | Q12: =CHAIN_RAW!I12 | R12: =CHAIN_RAW!P12 | S12: =IFERROR(R12/Q12,"") | T12: =IFERROR((ABS(N12-O12)/MAX(1,(N12+O12)))*EXP(-ABS(E12-CONTROL!E5)/MAX(1,CONTROL!B8)),"") | U12: =IFERROR(IF(O12>N12,"SUPPORT (PE OI)","RESIST (CE OI)"),"") | V12: =IFERROR(IF(Q12>0,IF(R12>0,"BOTH_ADD","CE_ADD_PE_REDUCE"),IF(R12>0,"CE_REDUCE_PE_ADD","BOTH_REDUCE")),"") | W12: =IFERROR( (P12-1)*0.5 + (M12)*0.1 - (I12+J12)*0.05 + T12*0.4 ,"") | X12: =IFERROR(IF(ABS(F12)<0.01,"ATM/NEAR",""),"")
A13: =CHAIN_RAW!A13 | B13: =CHAIN_RAW!B13 | C13: =CHAIN_RAW!C13 | D13: =CHAIN_RAW!D13 | E13: =CHAIN_RAW!E13 | F13: =IFERROR((E13-D13)/D13,"") | G13: =IFERROR((CHAIN_RAW!K13+CHAIN_RAW!L13)/2,"") | H13: =IFERROR((CHAIN_RAW!R13+CHAIN_RAW!S13)/2,"") | I13: =IFERROR((CHAIN_RAW!L13-CHAIN_RAW!K13)/MAX(1E-9, G13),"") | J13: =IFERROR((CHAIN_RAW!S13-CHAIN_RAW!R13)/MAX(1E-9, H13),"") | K13: =CHAIN_RAW!G13 | L13: =CHAIN_RAW!N13 | M13: =IFERROR(L13-K13,"") | N13: =CHAIN_RAW!H13 | O13: =CHAIN_RAW!O13 | P13: =IFERROR(O13/N13,"") | Q13: =CHAIN_RAW!I13 | R13: =CHAIN_RAW!P13 | S13: =IFERROR(R13/Q13,"") | T13: =IFERROR((ABS(N13-O13)/MAX(1,(N13+O13)))*EXP(-ABS(E13-CONTROL!E5)/MAX(1,CONTROL!B8)),"") | U13: =IFERROR(IF(O13>N13,"SUPPORT (PE OI)","RESIST (CE OI)"),"") | V13: =IFERROR(IF(Q13>0,IF(R13>0,"BOTH_ADD","CE_ADD_PE_REDUCE"),IF(R13>0,"CE_REDUCE_PE_ADD","BOTH_REDUCE")),"") | W13: =IFERROR( (P13-1)*0.5 + (M13)*0.1 - (I13+J13)*0.05 + T13*0.4 ,"") | X13: =IFERROR(IF(ABS(F13)<0.01,"ATM/NEAR",""),"")
A14: =CHAIN_RAW!A14 | B14: =CHAIN_RAW!B14 | C14: =CHAIN_RAW!C14 | D14: =CHAIN_RAW!D14 | E14: =CHAIN_RAW!E14 | F14: =IFERROR((E14-D14)/D14,"") | G14: =IFERROR((CHAIN_RAW!K14+CHAIN_RAW!L14)/2,"") | H14: =IFERROR((CHAIN_RAW!R14+CHAIN_RAW!S14)/2,"") | I14: =IFERROR((CHAIN_RAW!L14-CHAIN_RAW!K14)/MAX(1E-9, G14),"") | J14: =IFERROR((CHAIN_RAW!S14-CHAIN_RAW!R14)/MAX(1E-9, H14),"") | K14: =CHAIN_RAW!G14 | L14: =CHAIN_RAW!N14 | M14: =IFERROR(L14-K14,"") | N14: =CHAIN_RAW!H14 | O14: =CHAIN_RAW!O14 | P14: =IFERROR(O14/N14,"") | Q14: =CHAIN_RAW!I14 | R14: =CHAIN_RAW!P14 | S14: =IFERROR(R14/Q14,"") | T14: =IFERROR((ABS(N14-O14)/MAX(1,(N14+O14)))*EXP(-ABS(E14-CONTROL!E5)/MAX(1,CONTROL!B8)),"") | U14: =IFERROR(IF(O14>N14,"SUPPORT (PE OI)","RESIST (CE OI)"),"") | V14: =IFERROR(IF(Q14>0,IF(R14>0,"BOTH_ADD","CE_ADD_PE_REDUCE"),IF(R14>0,"CE_REDUCE_PE_ADD","BOTH_REDUCE")),"") | W14: =IFERROR( (P14-1)*0.5 + (M14)*0.1 - (I14+J14)*0.05 + T14*0.4 ,"") | X14: =IFERROR(IF(ABS(F14)<0.01,"ATM/NEAR",""),"")
A15: =CHAIN_RAW!A15 | B15: =CHAIN_RAW!B15 | C15: =CHAIN_RAW!C15 | D15: =CHAIN_RAW!D15 | E15: =CHAIN_RAW!E15 | F15: =IFERROR((E15-D15)/D15,"") | G15: =IFERROR((CHAIN_RAW!K15+CHAIN_RAW!L15)/2,"") | H15: =IFERROR((CHAIN_RAW!R15+CHAIN_RAW!S15)/2,"") | I15: =IFERROR((CHAIN_RAW!L15-CHAIN_RAW!K15)/MAX(1E-9, G15),"") | J15: =IFERROR((CHAIN_RAW!S15-CHAIN_RAW!R15)/MAX(1E-9, H15),"") | K15: =CHAIN_RAW!G15 | L15: =CHAIN_RAW!N15 | M15: =IFERROR(L15-K15,"") | N15: =CHAIN_RAW!H15 | O15: =CHAIN_RAW!O15 | P15: =IFERROR(O15/N15,"") | Q15: =CHAIN_RAW!I15 | R15: =CHAIN_RAW!P15 | S15: =IFERROR(R15/Q15,"") | T15: =IFERROR((ABS(N15-O15)/MAX(1,(N15+O15)))*EXP(-ABS(E15-CONTROL!E5)/MAX(1,CONTROL!B8)),"") | U15: =IFERROR(IF(O15>N15,"SUPPORT (PE OI)","RESIST (CE OI)"),"") | V15: =IFERROR(IF(Q15>0,IF(R15>0,"BOTH_ADD","CE_ADD_PE_REDUCE"),IF(R15>0,"CE_REDUCE_PE_ADD","BOTH_REDUCE")),"") | W15: =IFERROR( (P15-1)*0.5 + (M15)*0.1 - (I15+J15)*0.05 + T15*0.4 ,"") | X15: =IFERROR(IF(ABS(F15)<0.01,"ATM/NEAR",""),"")
A16: =CHAIN_RAW!A16 | B16: =CHAIN_RAW!B16 | C16: =CHAIN_RAW!C16 | D16: =CHAIN_RAW!D16 | E16: =CHAIN_RAW!E16 | F16: =IFERROR((E16-D16)/D16,"") | G16: =IFERROR((CHAIN_RAW!K16+CHAIN_RAW!L16)/2,"") | H16: =IFERROR((CHAIN_RAW!R16+CHAIN_RAW!S16)/2,"") | I16: =IFERROR((CHAIN_RAW!L16-CHAIN_RAW!K16)/MAX(1E-9, G16),"") | J16: =IFERROR((CHAIN_RAW!S16-CHAIN_RAW!R16)/MAX(1E-9, H16),"") | K16: =CHAIN_RAW!G16 | L16: =CHAIN_RAW!N16 | M16: =IFERROR(L16-K16,"") | N16: =CHAIN_RAW!H16 | O16: =CHAIN_RAW!O16 | P16: =IFERROR(O16/N16,"") | Q16: =CHAIN_RAW!I16 | R16: =CHAIN_RAW!P16 | S16: =IFERROR(R16/Q16,"") | T16: =IFERROR((ABS(N16-O16)/MAX(1,(N16+O16)))*EXP(-ABS(E16-CONTROL!E5)/MAX(1,CONTROL!B8)),"") | U16: =IFERROR(IF(O16>N16,"SUPPORT (PE OI)","RESIST (CE OI)"),"") | V16: =IFERROR(IF(Q16>0,IF(R16>0,"BOTH_ADD","CE_ADD_PE_REDUCE"),IF(R16>0,"CE_REDUCE_PE_ADD","BOTH_REDUCE")),"") | W16: =IFERROR( (P16-1)*0.5 + (M16)*0.1 - (I16+J16)*0.05 + T16*0.4 ,"") | X16: =IFERROR(IF(ABS(F16)<0.01,"ATM/NEAR",""),"")
A17: =CHAIN_RAW!A17 | B17: =CHAIN_RAW!B17 | C17: =CHAIN_RAW!C17 | D17: =CHAIN_RAW!D17 | E17: =CHAIN_RAW!E17 | F17: =IFERROR((E17-D17)/D17,"") | G17: =IFERROR((CHAIN_RAW!K17+CHAIN_RAW!L17)/2,"") | H17: =IFERROR((CHAIN_RAW!R17+CHAIN_RAW!S17)/2,"") | I17: =IFERROR((CHAIN_RAW!L17-CHAIN_RAW!K17)/MAX(1E-9, G17),"") | J17: =IFERROR((CHAIN_RAW!S17-CHAIN_RAW!R17)/MAX(1E-9, H17),"") | K17: =CHAIN_RAW!G17 | L17: =CHAIN_RAW!N17 | M17: =IFERROR(L17-K17,"") | N17: =CHAIN_RAW!H17 | O17: =CHAIN_RAW!O17 | P17: =IFERROR(O17/N17,"") | Q17: =CHAIN_RAW!I17 | R17: =CHAIN_RAW!P17 | S17: =IFERROR(R17/Q17,"") | T17: =IFERROR((ABS(N17-O17)/MAX(1,(N17+O17)))*EXP(-ABS(E17-CONTROL!E5)/MAX(1,CONTROL!B8)),"") | U17: =IFERROR(IF(O17>N17,"SUPPORT (PE OI)","RESIST (CE OI)"),"") | V17: =IFERROR(IF(Q17>0,IF(R17>0,"BOTH_ADD","CE_ADD_PE_REDUCE"),IF(R17>0,"CE_REDUCE_PE_ADD","BOTH_REDUCE")),"") | W17: =IFERROR( (P17-1)*0.5 + (M17)*0.1 - (I17+J17)*0.05 + T17*0.4 ,"") | X17: =IFERROR(IF(ABS(F17)<0.01,"ATM/NEAR",""),"")
A18: =CHAIN_RAW!A18 | B18: =CHAIN_RAW!B18 | C18: =CHAIN_RAW!C18 | D18: =CHAIN_RAW!D18 | E18: =CHAIN_RAW!E18 | F18: =IFERROR((E18-D18)/D18,"") | G18: =IFERROR((CHAIN_RAW!K18+CHAIN_RAW!L18)/2,"") | H18: =IFERROR((CHAIN_RAW!R18+CHAIN_RAW!S18)/2,"") | I18: =IFERROR((CHAIN_RAW!L18-CHAIN_RAW!K18)/MAX(1E-9, G18),"") | J18: =IFERROR((CHAIN_RAW!S18-CHAIN_RAW!R18)/MAX(1E-9, H18),"") | K18: =CHAIN_RAW!G18 | L18: =CHAIN_RAW!N18 | M18: =IFERROR(L18-K18,"") | N18: =CHAIN_RAW!H18 | O18: =CHAIN_RAW!O18 | P18: =IFERROR(O18/N18,"") | Q18: =CHAIN_RAW!I18 | R18: =CHAIN_RAW!P18 | S18: =IFERROR(R18/Q18,"") | T18: =IFERROR((ABS(N18-O18)/MAX(1,(N18+O18)))*EXP(-ABS(E18-CONTROL!E5)/MAX(1,CONTROL!B8)),"") | U18: =IFERROR(IF(O18>N18,"SUPPORT (PE OI)","RESIST (CE OI)"),"") | V18: =IFERROR(IF(Q18>0,IF(R18>0,"BOTH_ADD","CE_ADD_PE_REDUCE"),IF(R18>0,"CE_REDUCE_PE_ADD","BOTH_REDUCE")),"") | W18: =IFERROR( (P18-1)*0.5 + (M18)*0.1 - (I18+J18)*0.05 + T18*0.4 ,"") | X18: =IFERROR(IF(ABS(F18)<0.01,"ATM/NEAR",""),"")
A19: =CHAIN_RAW!A19 | B19: =CHAIN_RAW!B19 | C19: =CHAIN_RAW!C19 | D19: =CHAIN_RAW!D19 | E19: =CHAIN_RAW!E19 | F19: =IFERROR((E19-D19)/D19,"") | G19: =IFERROR((CHAIN_RAW!K19+CHAIN_RAW!L19)/2,"") | H19: =IFERROR((CHAIN_RAW!R19+CHAIN_RAW!S19)/2,"") | I19: =IFERROR((CHAIN_RAW!L19-CHAIN_RAW!K19)/MAX(1E-9, G19),"") | J19: =IFERROR((CHAIN_RAW!S19-CHAIN_RAW!R19)/MAX(1E-9, H19),"") | K19: =CHAIN_RAW!G19 | L19: =CHAIN_RAW!N19 | M19: =IFERROR(L19-K19,"") | N19: =CHAIN_RAW!H19 | O19: =CHAIN_RAW!O19 | P19: =IFERROR(O19/N19,"") | Q19: =CHAIN_RAW!I19 | R19: =CHAIN_RAW!P19 | S19: =IFERROR(R19/Q19,"") | T19: =IFERROR((ABS(N19-O19)/MAX(1,(N19+O19)))*EXP(-ABS(E19-CONTROL!E5)/MAX(1,CONTROL!B8)),"") | U19: =IFERROR(IF(O19>N19,"SUPPORT (PE OI)","RESIST (CE OI)"),"") | V19: =IFERROR(IF(Q19>0,IF(R19>0,"BOTH_ADD","CE_ADD_PE_REDUCE"),IF(R19>0,"CE_REDUCE_PE_ADD","BOTH_REDUCE")),"") | W19: =IFERROR( (P19-1)*0.5 + (M19)*0.1 - (I19+J19)*0.05 + T19*0.4 ,"") | X19: =IFERROR(IF(ABS(F19)<0.01,"ATM/NEAR",""),"")
A20: =CHAIN_RAW!A20 | B20: =CHAIN_RAW!B20 | C20: =CHAIN_RAW!C20 | D20: =CHAIN_RAW!D20 | E20: =CHAIN_RAW!E20 | F20: =IFERROR((E20-D20)/D20,"") | G20: =IFERROR((CHAIN_RAW!K20+CHAIN_RAW!L20)/2,"") | H20: =IFERROR((CHAIN_RAW!R20+CHAIN_RAW!S20)/2,"") | I20: =IFERROR((CHAIN_RAW!L20-CHAIN_RAW!K20)/MAX(1E-9, G20),"") | J20: =IFERROR((CHAIN_RAW!S20-CHAIN_RAW!R20)/MAX(1E-9, H20),"") | K20: =CHAIN_RAW!G20 | L20: =CHAIN_RAW!N20 | M20: =IFERROR(L20-K20,"") | N20: =CHAIN_RAW!H20 | O20: =CHAIN_RAW!O20 | P20: =IFERROR(O20/N20,"") | Q20: =CHAIN_RAW!I20 | R20: =CHAIN_RAW!P20 | S20: =IFERROR(R20/Q20,"") | T20: =IFERROR((ABS(N20-O20)/MAX(1,(N20+O20)))*EXP(-ABS(E20-CONTROL!E5)/MAX(1,CONTROL!B8)),"") | U20: =IFERROR(IF(O20>N20,"SUPPORT (PE OI)","RESIST (CE OI)"),"") | V20: =IFERROR(IF(Q20>0,IF(R20>0,"BOTH_ADD","CE_ADD_PE_REDUCE"),IF(R20>0,"CE_REDUCE_PE_ADD","BOTH_REDUCE")),"") | W20: =IFERROR( (P20-1)*0.5 + (M20)*0.1 - (I20+J20)*0.05 + T20*0.4 ,"") | X20: =IFERROR(IF(ABS(F20)<0.01,"ATM/NEAR",""),"")
A21: =CHAIN_RAW!A21 | B21: =CHAIN_RAW!B21 | C21: =CHAIN_RAW!C21 | D21: =CHAIN_RAW!D21 | E21: =CHAIN_RAW!E21 | F21: =IFERROR((E21-D21)/D21,"") | G21: =IFERROR((CHAIN_RAW!K21+CHAIN_RAW!L21)/2,"") | H21: =IFERROR((CHAIN_RAW!R21+CHAIN_RAW!S21)/2,"") | I21: =IFERROR((CHAIN_RAW!L21-CHAIN_RAW!K21)/MAX(1E-9, G21),"") | J21: =IFERROR((CHAIN_RAW!S21-CHAIN_RAW!R21)/MAX(1E-9, H21),"") | K21: =CHAIN_RAW!G21 | L21: =CHAIN_RAW!N21 | M21: =IFERROR(L21-K21,"") | N21: =CHAIN_RAW!H21 | O21: =CHAIN_RAW!O21 | P21: =IFERROR(O21/N21,"") | Q21: =CHAIN_RAW!I21 | R21: =CHAIN_RAW!P21 | S21: =IFERROR(R21/Q21,"") | T21: =IFERROR((ABS(N21-O21)/MAX(1,(N21+O21)))*EXP(-ABS(E21-CONTROL!E5)/MAX(1,CONTROL!B8)),"") | U21: =IFERROR(IF(O21>N21,"SUPPORT (PE OI)","RESIST (CE OI)"),"") | V21: =IFERROR(IF(Q21>0,IF(R21>0,"BOTH_ADD","CE_ADD_PE_REDUCE"),IF(R21>0,"CE_REDUCE_PE_ADD","BOTH_REDUCE")),"") | W21: =IFERROR( (P21-1)*0.5 + (M21)*0.1 - (I21+J21)*0.05 + T21*0.4 ,"") | X21: =IFERROR(IF(ABS(F21)<0.01,"ATM/NEAR",""),"")
A22: =CHAIN_RAW!A22 | B22: =CHAIN_RAW!B22 | C22: =CHAIN_RAW!C22 | D22: =CHAIN_RAW!D22 | E22: =CHAIN_RAW!E22 | F22: =IFERROR((E22-D22)/D22,"") | G22: =IFERROR((CHAIN_RAW!K22+CHAIN_RAW!L22)/2,"") | H22: =IFERROR((CHAIN_RAW!R22+CHAIN_RAW!S22)/2,"") | I22: =IFERROR((CHAIN_RAW!L22-CHAIN_RAW!K22)/MAX(1E-9, G22),"") | J22: =IFERROR((CHAIN_RAW!S22-CHAIN_RAW!R22)/MAX(1E-9, H22),"") | K22: =CHAIN_RAW!G22 | L22: =CHAIN_RAW!N22 | M22: =IFERROR(L22-K22,"") | N22: =CHAIN_RAW!H22 | O22: =CHAIN_RAW!O22 | P22: =IFERROR(O22/N22,"") | Q22: =CHAIN_RAW!I22 | R22: =CHAIN_RAW!P22 | S22: =IFERROR(R22/Q22,"") | T22: =IFERROR((ABS(N22-O22)/MAX(1,(N22+O22)))*EXP(-ABS(E22-CONTROL!E5)/MAX(1,CONTROL!B8)),"") | U22: =IFERROR(IF(O22>N22,"SUPPORT (PE OI)","RESIST (CE OI)"),"") | V22: =IFERROR(IF(Q22>0,IF(R22>0,"BOTH_ADD","CE_ADD_PE_REDUCE"),IF(R22>0,"CE_REDUCE_PE_ADD","BOTH_REDUCE")),"") | W22: =IFERROR( (P22-1)*0.5 + (M22)*0.1 - (I22+J22)*0.05 + T22*0.4 ,"") | X22: =IFERROR(IF(ABS(F22)<0.01,"ATM/NEAR",""),"")
A23: =CHAIN_RAW!A23 | B23: =CHAIN_RAW!B23 | C23: =CHAIN_RAW!C23 | D23: =CHAIN_RAW!D23 | E23: =CHAIN_RAW!E23 | F23: =IFERROR((E23-D23)/D23,"") | G23: =IFERROR((CHAIN_RAW!K23+CHAIN_RAW!L23)/2,"") | H23: =IFERROR((CHAIN_RAW!R23+CHAIN_RAW!S23)/2,"") | I23: =IFERROR((CHAIN_RAW!L23-CHAIN_RAW!K23)/MAX(1E-9, G23),"") | J23: =IFERROR((CHAIN_RAW!S23-CHAIN_RAW!R23)/MAX(1E-9, H23),"") | K23: =CHAIN_RAW!G23 | L23: =CHAIN_RAW!N23 | M23: =IFERROR(L23-K23,"") | N23: =CHAIN_RAW!H23 | O23: =CHAIN_RAW!O23 | P23: =IFERROR(O23/N23,"") | Q23: =CHAIN_RAW!I23 | R23: =CHAIN_RAW!P23 | S23: =IFERROR(R23/Q23,"") | T23: =IFERROR((ABS(N23-O23)/MAX(1,(N23+O23)))*EXP(-ABS(E23-CONTROL!E5)/MAX(1,CONTROL!B8)),"") | U23: =IFERROR(IF(O23>N23,"SUPPORT (PE OI)","RESIST (CE OI)"),"") | V23: =IFERROR(IF(Q23>0,IF(R23>0,"BOTH_ADD","CE_ADD_PE_REDUCE"),IF(R23>0,"CE_REDUCE_PE_ADD","BOTH_REDUCE")),"") | W23: =IFERROR( (P23-1)*0.5 + (M23)*0.1 - (I23+J23)*0.05 + T23*0.4 ,"") | X23: =IFERROR(IF(ABS(F23)<0.01,"ATM/NEAR",""),"")
A24: =CHAIN_RAW!A24 | B24: =CHAIN_RAW!B24 | C24: =CHAIN_RAW!C24 | D24: =CHAIN_RAW!D24 | E24: =CHAIN_RAW!E24 | F24: =IFERROR((E24-D24)/D24,"") | G24: =IFERROR((CHAIN_RAW!K24+CHAIN_RAW!L24)/2,"") | H24: =IFERROR((CHAIN_RAW!R24+CHAIN_RAW!S24)/2,"") | I24: =IFERROR((CHAIN_RAW!L24-CHAIN_RAW!K24)/MAX(1E-9, G24),"") | J24: =IFERROR((CHAIN_RAW!S24-CHAIN_RAW!R24)/MAX(1E-9, H24),"") | K24: =CHAIN_RAW!G24 | L24: =CHAIN_RAW!N24 | M24: =IFERROR(L24-K24,"") | N24: =CHAIN_RAW!H24 | O24: =CHAIN_RAW!O24 | P24: =IFERROR(O24/N24,"") | Q24: =CHAIN_RAW!I24 | R24: =CHAIN_RAW!P24 | S24: =IFERROR(R24/Q24,"") | T24: =IFERROR((ABS(N24-O24)/MAX(1,(N24+O24)))*EXP(-ABS(E24-CONTROL!E5)/MAX(1,CONTROL!B8)),"") | U24: =IFERROR(IF(O24>N24,"SUPPORT (PE OI)","RESIST (CE OI)"),"") | V24: =IFERROR(IF(Q24>0,IF(R24>0,"BOTH_ADD","CE_ADD_PE_REDUCE"),IF(R24>0,"CE_REDUCE_PE_ADD","BOTH_REDUCE")),"") | W24: =IFERROR( (P24-1)*0.5 + (M24)*0.1 - (I24+J24)*0.05 + T24*0.4 ,"") | X24: =IFERROR(IF(ABS(F24)<0.01,"ATM/NEAR",""),"")
A25: =CHAIN_RAW!A25 | B25: =CHAIN_RAW!B25 | C25: =CHAIN_RAW!C25 | D25: =CHAIN_RAW!D25 | E25: =CHAIN_RAW!E25 | F25: =IFERROR((E25-D25)/D25,"") | G25: =IFERROR((CHAIN_RAW!K25+CHAIN_RAW!L25)/2,"") | H25: =IFERROR((CHAIN_RAW!R25+CHAIN_RAW!S25)/2,"") | I25: =IFERROR((CHAIN_RAW!L25-CHAIN_RAW!K25)/MAX(1E-9, G25),"") | J25: =IFERROR((CHAIN_RAW!S25-CHAIN_RAW!R25)/MAX(1E-9, H25),"") | K25: =CHAIN_RAW!G25 | L25: =CHAIN_RAW!N25 | M25: =IFERROR(L25-K25,"") | N25: =CHAIN_RAW!H25 | O25: =CHAIN_RAW!O25 | P25: =IFERROR(O25/N25,"") | Q25: =CHAIN_RAW!I25 | R25: =CHAIN_RAW!P25 | S25: =IFERROR(R25/Q25,"") | T25: =IFERROR((ABS(N25-O25)/MAX(1,(N25+O25)))*EXP(-ABS(E25-CONTROL!E5)/MAX(1,CONTROL!B8)),"") | U25: =IFERROR(IF(O25>N25,"SUPPORT (PE OI)","RESIST (CE OI)"),"") | V25: =IFERROR(IF(Q25>0,IF(R25>0,"BOTH_ADD","CE_ADD_PE_REDUCE"),IF(R25>0,"CE_REDUCE_PE_ADD","BOTH_REDUCE")),"") | W25: =IFERROR( (P25-1)*0.5 + (M25)*0.1 - (I25+J25)*0.05 + T25*0.4 ,"") | X25: =IFERROR(IF(ABS(F25)<0.01,"ATM/NEAR",""),"")
A26: =CHAIN_RAW!A26 | B26: =CHAIN_RAW!B26 | C26: =CHAIN_RAW!C26 | D26: =CHAIN_RAW!D26 | E26: =CHAIN_RAW!E26 | F26: =IFERROR((E26-D26)/D26,"") | G26: =IFERROR((CHAIN_RAW!K26+CHAIN_RAW!L26)/2,"") | H26: =IFERROR((CHAIN_RAW!R26+CHAIN_RAW!S26)/2,"") | I26: =IFERROR((CHAIN_RAW!L26-CHAIN_RAW!K26)/MAX(1E-9, G26),"") | J26: =IFERROR((CHAIN_RAW!S26-CHAIN_RAW!R26)/MAX(1E-9, H26),"") | K26: =CHAIN_RAW!G26 | L26: =CHAIN_RAW!N26 | M26: =IFERROR(L26-K26,"") | N26: =CHAIN_RAW!H26 | O26: =CHAIN_RAW!O26 | P26: =IFERROR(O26/N26,"") | Q26: =CHAIN_RAW!I26 | R26: =CHAIN_RAW!P26 | S26: =IFERROR(R26/Q26,"") | T26: =IFERROR((ABS(N26-O26)/MAX(1,(N26+O26)))*EXP(-ABS(E26-CONTROL!E5)/MAX(1,CONTROL!B8)),"") | U26: =IFERROR(IF(O26>N26,"SUPPORT (PE OI)","RESIST (CE OI)"),"") | V26: =IFERROR(IF(Q26>0,IF(R26>0,"BOTH_ADD","CE_ADD_PE_REDUCE"),IF(R26>0,"CE_REDUCE_PE_ADD","BOTH_REDUCE")),"") | W26: =IFERROR( (P26-1)*0.5 + (M26)*0.1 - (I26+J26)*0.05 + T26*0.4 ,"") | X26: =IFERROR(IF(ABS(F26)<0.01,"ATM/NEAR",""),"")
A27: =CHAIN_RAW!A27 | B27: =CHAIN_RAW!B27 | C27: =CHAIN_RAW!C27 | D27: =CHAIN_RAW!D27 | E27: =CHAIN_RAW!E27 | F27: =IFERROR((E27-D27)/D27,"") | G27: =IFERROR((CHAIN_RAW!K27+CHAIN_RAW!L27)/2,"") | H27: =IFERROR((CHAIN_RAW!R27+CHAIN_RAW!S27)/2,"") | I27: =IFERROR((CHAIN_RAW!L27-CHAIN_RAW!K27)/MAX(1E-9, G27),"") | J27: =IFERROR((CHAIN_RAW!S27-CHAIN_RAW!R27)/MAX(1E-9, H27),"") | K27: =CHAIN_RAW!G27 | L27: =CHAIN_RAW!N27 | M27: =IFERROR(L27-K27,"") | N27: =CHAIN_RAW!H27 | O27: =CHAIN_RAW!O27 | P27: =IFERROR(O27/N27,"") | Q27: =CHAIN_RAW!I27 | R27: =CHAIN_RAW!P27 | S27: =IFERROR(R27/Q27,"") | T27: =IFERROR((ABS(N27-O27)/MAX(1,(N27+O27)))*EXP(-ABS(E27-CONTROL!E5)/MAX(1,CONTROL!B8)),"") | U27: =IFERROR(IF(O27>N27,"SUPPORT (PE OI)","RESIST (CE OI)"),"") | V27: =IFERROR(IF(Q27>0,IF(R27>0,"BOTH_ADD","CE_ADD_PE_REDUCE"),IF(R27>0,"CE_REDUCE_PE_ADD","BOTH_REDUCE")),"") | W27: =IFERROR( (P27-1)*0.5 + (M27)*0.1 - (I27+J27)*0.05 + T27*0.4 ,"") | X27: =IFERROR(IF(ABS(F27)<0.01,"ATM/NEAR",""),"")
A28: =CHAIN_RAW!A28 | B28: =CHAIN_RAW!B28 | C28: =CHAIN_RAW!C28 | D28: =CHAIN_RAW!D28 | E28: =CHAIN_RAW!E28 | F28: =IFERROR((E28-D28)/D28,"") | G28: =IFERROR((CHAIN_RAW!K28+CHAIN_RAW!L28)/2,"") | H28: =IFERROR((CHAIN_RAW!R28+CHAIN_RAW!S28)/2,"") | I28: =IFERROR((CHAIN_RAW!L28-CHAIN_RAW!K28)/MAX(1E-9, G28),"") | J28: =IFERROR((CHAIN_RAW!S28-CHAIN_RAW!R28)/MAX(1E-9, H28),"") | K28: =CHAIN_RAW!G28 | L28: =CHAIN_RAW!N28 | M28: =IFERROR(L28-K28,"") | N28: =CHAIN_RAW!H28 | O28: =CHAIN_RAW!O28 | P28: =IFERROR(O28/N28,"") | Q28: =CHAIN_RAW!I28 | R28: =CHAIN_RAW!P28 | S28: =IFERROR(R28/Q28,"") | T28: =IFERROR((ABS(N28-O28)/MAX(1,(N28+O28)))*EXP(-ABS(E28-CONTROL!E5)/MAX(1,CONTROL!B8)),"") | U28: =IFERROR(IF(O28>N28,"SUPPORT (PE OI)","RESIST (CE OI)"),"") | V28: =IFERROR(IF(Q28>0,IF(R28>0,"BOTH_ADD","CE_ADD_PE_REDUCE"),IF(R28>0,"CE_REDUCE_PE_ADD","BOTH_REDUCE")),"") | W28: =IFERROR( (P28-1)*0.5 + (M28)*0.1 - (I28+J28)*0.05 + T28*0.4 ,"") | X28: =IFERROR(IF(ABS(F28)<0.01,"ATM/NEAR",""),"")
A29: =CHAIN_RAW!A29 | B29: =CHAIN_RAW!B29 | C29: =CHAIN_RAW!C29 | D29: =CHAIN_RAW!D29 | E29: =CHAIN_RAW!E29 | F29: =IFERROR((E29-D29)/D29,"") | G29: =IFERROR((CHAIN_RAW!K29+CHAIN_RAW!L29)/2,"") | H29: =IFERROR((CHAIN_RAW!R29+CHAIN_RAW!S29)/2,"") | I29: =IFERROR((CHAIN_RAW!L29-CHAIN_RAW!K29)/MAX(1E-9, G29),"") | J29: =IFERROR((CHAIN_RAW!S29-CHAIN_RAW!R29)/MAX(1E-9, H29),"") | K29: =CHAIN_RAW!G29 | L29: =CHAIN_RAW!N29 | M29: =IFERROR(L29-K29,"") | N29: =CHAIN_RAW!H29 | O29: =CHAIN_RAW!O29 | P29: =IFERROR(O29/N29,"") | Q29: =CHAIN_RAW!I29 | R29: =CHAIN_RAW!P29 | S29: =IFERROR(R29/Q29,"") | T29: =IFERROR((ABS(N29-O29)/MAX(1,(N29+O29)))*EXP(-ABS(E29-CONTROL!E5)/MAX(1,CONTROL!B8)),"") | U29: =IFERROR(IF(O29>N29,"SUPPORT (PE OI)","RESIST (CE OI)"),"") | V29: =IFERROR(IF(Q29>0,IF(R29>0,"BOTH_ADD","CE_ADD_PE_REDUCE"),IF(R29>0,"CE_REDUCE_PE_ADD","BOTH_REDUCE")),"") | W29: =IFERROR( (P29-1)*0.5 + (M29)*0.1 - (I29+J29)*0.05 + T29*0.4 ,"") | X29: =IFERROR(IF(ABS(F29)<0.01,"ATM/NEAR",""),"")
A30: =CHAIN_RAW!A30 | B30: =CHAIN_RAW!B30 | C30: =CHAIN_RAW!C30 | D30: =CHAIN_RAW!D30 | E30: =CHAIN_RAW!E30 | F30: =IFERROR((E30-D30)/D30,"") | G30: =IFERROR((CHAIN_RAW!K30+CHAIN_RAW!L30)/2,"") | H30: =IFERROR((CHAIN_RAW!R30+CHAIN_RAW!S30)/2,"") | I30: =IFERROR((CHAIN_RAW!L30-CHAIN_RAW!K30)/MAX(1E-9, G30),"") | J30: =IFERROR((CHAIN_RAW!S30-CHAIN_RAW!R30)/MAX(1E-9, H30),"") | K30: =CHAIN_RAW!G30 | L30: =CHAIN_RAW!N30 | M30: =IFERROR(L30-K30,"") | N30: =CHAIN_RAW!H30 | O30: =CHAIN_RAW!O30 | P30: =IFERROR(O30/N30,"") | Q30: =CHAIN_RAW!I30 | R30: =CHAIN_RAW!P30 | S30: =IFERROR(R30/Q30,"") | T30: =IFERROR((ABS(N30-O30)/MAX(1,(N30+O30)))*EXP(-ABS(E30-CONTROL!E5)/MAX(1,CONTROL!B8)),"") | U30: =IFERROR(IF(O30>N30,"SUPPORT (PE OI)","RESIST (CE OI)"),"") | V30: =IFERROR(IF(Q30>0,IF(R30>0,"BOTH_ADD","CE_ADD_PE_REDUCE"),IF(R30>0,"CE_REDUCE_PE_ADD","BOTH_REDUCE")),"") | W30: =IFERROR( (P30-1)*0.5 + (M30)*0.1 - (I30+J30)*0.05 + T30*0.4 ,"") | X30: =IFERROR(IF(ABS(F30)<0.01,"ATM/NEAR",""),"")
A31: =CHAIN_RAW!A31 | B31: =CHAIN_RAW!B31 | C31: =CHAIN_RAW!C31 | D31: =CHAIN_RAW!D31 | E31: =CHAIN_RAW!E31 | F31: =IFERROR((E31-D31)/D31,"") | G31: =IFERROR((CHAIN_RAW!K31+CHAIN_RAW!L31)/2,"") | H31: =IFERROR((CHAIN_RAW!R31+CHAIN_RAW!S31)/2,"") | I31: =IFERROR((CHAIN_RAW!L31-CHAIN_RAW!K31)/MAX(1E-9, G31),"") | J31: =IFERROR((CHAIN_RAW!S31-CHAIN_RAW!R31)/MAX(1E-9, H31),"") | K31: =CHAIN_RAW!G31 | L31: =CHAIN_RAW!N31 | M31: =IFERROR(L31-K31,"") | N31: =CHAIN_RAW!H31 | O31: =CHAIN_RAW!O31 | P31: =IFERROR(O31/N31,"") | Q31: =CHAIN_RAW!I31 | R31: =CHAIN_RAW!P31 | S31: =IFERROR(R31/Q31,"") | T31: =IFERROR((ABS(N31-O31)/MAX(1,(N31+O31)))*EXP(-ABS(E31-CONTROL!E5)/MAX(1,CONTROL!B8)),"") | U31: =IFERROR(IF(O31>N31,"SUPPORT (PE OI)","RESIST (CE OI)"),"") | V31: =IFERROR(IF(Q31>0,IF(R31>0,"BOTH_ADD","CE_ADD_PE_REDUCE"),IF(R31>0,"CE_REDUCE_PE_ADD","BOTH_REDUCE")),"") | W31: =IFERROR( (P31-1)*0.5 + (M31)*0.1 - (I31+J31)*0.05 + T31*0.4 ,"") | X31: =IFERROR(IF(ABS(F31)<0.01,"ATM/NEAR",""),"")
A32: =CHAIN_RAW!A32 | B32: =CHAIN_RAW!B32 | C32: =CHAIN_RAW!C32 | D32: =CHAIN_RAW!D32 | E32: =CHAIN_RAW!E32 | F32: =IFERROR((E32-D32)/D32,"") | G32: =IFERROR((CHAIN_RAW!K32+CHAIN_RAW!L32)/2,"") | H32: =IFERROR((CHAIN_RAW!R32+CHAIN_RAW!S32)/2,"") | I32: =IFERROR((CHAIN_RAW!L32-CHAIN_RAW!K32)/MAX(1E-9, G32),"") | J32: =IFERROR((CHAIN_RAW!S32-CHAIN_RAW!R32)/MAX(1E-9, H32),"") | K32: =CHAIN_RAW!G32 | L32: =CHAIN_RAW!N32 | M32: =IFERROR(L32-K32,"") | N32: =CHAIN_RAW!H32 | O32: =CHAIN_RAW!O32 | P32: =IFERROR(O32/N32,"") | Q32: =CHAIN_RAW!I32 | R32: =CHAIN_RAW!P32 | S32: =IFERROR(R32/Q32,"") | T32: =IFERROR((ABS(N32-O32)/MAX(1,(N32+O32)))*EXP(-ABS(E32-CONTROL!E5)/MAX(1,CONTROL!B8)),"") | U32: =IFERROR(IF(O32>N32,"SUPPORT (PE OI)","RESIST (CE OI)"),"") | V32: =IFERROR(IF(Q32>0,IF(R32>0,"BOTH_ADD","CE_ADD_PE_REDUCE"),IF(R32>0,"CE_REDUCE_PE_ADD","BOTH_REDUCE")),"") | W32: =IFERROR( (P32-1)*0.5 + (M32)*0.1 - (I32+J32)*0.05 + T32*0.4 ,"") | X32: =IFERROR(IF(ABS(F32)<0.01,"ATM/NEAR",""),"")
A33: =CHAIN_RAW!A33 | B33: =CHAIN_RAW!B33 | C33: =CHAIN_RAW!C33 | D33: =CHAIN_RAW!D33 | E33: =CHAIN_RAW!E33 | F33: =IFERROR((E33-D33)/D33,"") | G33: =IFERROR((CHAIN_RAW!K33+CHAIN_RAW!L33)/2,"") | H33: =IFERROR((CHAIN_RAW!R33+CHAIN_RAW!S33)/2,"") | I33: =IFERROR((CHAIN_RAW!L33-CHAIN_RAW!K33)/MAX(1E-9, G33),"") | J33: =IFERROR((CHAIN_RAW!S33-CHAIN_RAW!R33)/MAX(1E-9, H33),"") | K33: =CHAIN_RAW!G33 | L33: =CHAIN_RAW!N33 | M33: =IFERROR(L33-K33,"") | N33: =CHAIN_RAW!H33 | O33: =CHAIN_RAW!O33 | P33: =IFERROR(O33/N33,"") | Q33: =CHAIN_RAW!I33 | R33: =CHAIN_RAW!P33 | S33: =IFERROR(R33/Q33,"") | T33: =IFERROR((ABS(N33-O33)/MAX(1,(N33+O33)))*EXP(-ABS(E33-CONTROL!E5)/MAX(1,CONTROL!B8)),"") | U33: =IFERROR(IF(O33>N33,"SUPPORT (PE OI)","RESIST (CE OI)"),"") | V33: =IFERROR(IF(Q33>0,IF(R33>0,"BOTH_ADD","CE_ADD_PE_REDUCE"),IF(R33>0,"CE_REDUCE_PE_ADD","BOTH_REDUCE")),"") | W33: =IFERROR( (P33-1)*0.5 + (M33)*0.1 - (I33+J33)*0.05 + T33*0.4 ,"") | X33: =IFERROR(IF(ABS(F33)<0.01,"ATM/NEAR",""),"")
A34: =CHAIN_RAW!A34 | B34: =CHAIN_RAW!B34 | C34: =CHAIN_RAW!C34 | D34: =CHAIN_RAW!D34 | E34: =CHAIN_RAW!E34 | F34: =IFERROR((E34-D34)/D34,"") | G34: =IFERROR((CHAIN_RAW!K34+CHAIN_RAW!L34)/2,"") | H34: =IFERROR((CHAIN_RAW!R34+CHAIN_RAW!S34)/2,"") | I34: =IFERROR((CHAIN_RAW!L34-CHAIN_RAW!K34)/MAX(1E-9, G34),"") | J34: =IFERROR((CHAIN_RAW!S34-CHAIN_RAW!R34)/MAX(1E-9, H34),"") | K34: =CHAIN_RAW!G34 | L34: =CHAIN_RAW!N34 | M34: =IFERROR(L34-K34,"") | N34: =CHAIN_RAW!H34 | O34: =CHAIN_RAW!O34 | P34: =IFERROR(O34/N34,"") | Q34: =CHAIN_RAW!I34 | R34: =CHAIN_RAW!P34 | S34: =IFERROR(R34/Q34,"") | T34: =IFERROR((ABS(N34-O34)/MAX(1,(N34+O34)))*EXP(-ABS(E34-CONTROL!E5)/MAX(1,CONTROL!B8)),"") | U34: =IFERROR(IF(O34>N34,"SUPPORT (PE OI)","RESIST (CE OI)"),"") | V34: =IFERROR(IF(Q34>0,IF(R34>0,"BOTH_ADD","CE_ADD_PE_REDUCE"),IF(R34>0,"CE_REDUCE_PE_ADD","BOTH_REDUCE")),"") | W34: =IFERROR( (P34-1)*0.5 + (M34)*0.1 - (I34+J34)*0.05 + T34*0.4 ,"") | X34: =IFERROR(IF(ABS(F34)<0.01,"ATM/NEAR",""),"")
A35: =CHAIN_RAW!A35 | B35: =CHAIN_RAW!B35 | C35: =CHAIN_RAW!C35 | D35: =CHAIN_RAW!D35 | E35: =CHAIN_RAW!E35 | F35: =IFERROR((E35-D35)/D35,"") | G35: =IFERROR((CHAIN_RAW!K35+CHAIN_RAW!L35)/2,"") | H35: =IFERROR((CHAIN_RAW!R35+CHAIN_RAW!S35)/2,"") | I35: =IFERROR((CHAIN_RAW!L35-CHAIN_RAW!K35)/MAX(1E-9, G35),"") | J35: =IFERROR((CHAIN_RAW!S35-CHAIN_RAW!R35)/MAX(1E-9, H35),"") | K35: =CHAIN_RAW!G35 | L35: =CHAIN_RAW!N35 | M35: =IFERROR(L35-K35,"") | N35: =CHAIN_RAW!H35 | O35: =CHAIN_RAW!O35 | P35: =IFERROR(O35/N35,"") | Q35: =CHAIN_RAW!I35 | R35: =CHAIN_RAW!P35 | S35: =IFERROR(R35/Q35,"") | T35: =IFERROR((ABS(N35-O35)/MAX(1,(N35+O35)))*EXP(-ABS(E35-CONTROL!E5)/MAX(1,CONTROL!B8)),"") | U35: =IFERROR(IF(O35>N35,"SUPPORT (PE OI)","RESIST (CE OI)"),"") | V35: =IFERROR(IF(Q35>0,IF(R35>0,"BOTH_ADD","CE_ADD_PE_REDUCE"),IF(R35>0,"CE_REDUCE_PE_ADD","BOTH_REDUCE")),"") | W35: =IFERROR( (P35-1)*0.5 + (M35)*0.1 - (I35+J35)*0.05 + T35*0.4 ,"") | X35: =IFERROR(IF(ABS(F35)<0.01,"ATM/NEAR",""),"")
A36: =CHAIN_RAW!A36 | B36: =CHAIN_RAW!B36 | C36: =CHAIN_RAW!C36 | D36: =CHAIN_RAW!D36 | E36: =CHAIN_RAW!E36 | F36: =IFERROR((E36-D36)/D36,"") | G36: =IFERROR((CHAIN_RAW!K36+CHAIN_RAW!L36)/2,"") | H36: =IFERROR((CHAIN_RAW!R36+CHAIN_RAW!S36)/2,"") | I36: =IFERROR((CHAIN_RAW!L36-CHAIN_RAW!K36)/MAX(1E-9, G36),"") | J36: =IFERROR((CHAIN_RAW!S36-CHAIN_RAW!R36)/MAX(1E-9, H36),"") | K36: =CHAIN_RAW!G36 | L36: =CHAIN_RAW!N36 | M36: =IFERROR(L36-K36,"") | N36: =CHAIN_RAW!H36 | O36: =CHAIN_RAW!O36 | P36: =IFERROR(O36/N36,"") | Q36: =CHAIN_RAW!I36 | R36: =CHAIN_RAW!P36 | S36: =IFERROR(R36/Q36,"") | T36: =IFERROR((ABS(N36-O36)/MAX(1,(N36+O36)))*EXP(-ABS(E36-CONTROL!E5)/MAX(1,CONTROL!B8)),"") | U36: =IFERROR(IF(O36>N36,"SUPPORT (PE OI)","RESIST (CE OI)"),"") | V36: =IFERROR(IF(Q36>0,IF(R36>0,"BOTH_ADD","CE_ADD_PE_REDUCE"),IF(R36>0,"CE_REDUCE_PE_ADD","BOTH_REDUCE")),"") | W36: =IFERROR( (P36-1)*0.5 + (M36)*0.1 - (I36+J36)*0.05 + T36*0.4 ,"") | X36: =IFERROR(IF(ABS(F36)<0.01,"ATM/NEAR",""),"")
A37: =CHAIN_RAW!A37 | B37: =CHAIN_RAW!B37 | C37: =CHAIN_RAW!C37 | D37: =CHAIN_RAW!D37 | E37: =CHAIN_RAW!E37 | F37: =IFERROR((E37-D37)/D37,"") | G37: =IFERROR((CHAIN_RAW!K37+CHAIN_RAW!L37)/2,"") | H37: =IFERROR((CHAIN_RAW!R37+CHAIN_RAW!S37)/2,"") | I37: =IFERROR((CHAIN_RAW!L37-CHAIN_RAW!K37)/MAX(1E-9, G37),"") | J37: =IFERROR((CHAIN_RAW!S37-CHAIN_RAW!R37)/MAX(1E-9, H37),"") | K37: =CHAIN_RAW!G37 | L37: =CHAIN_RAW!N37 | M37: =IFERROR(L37-K37,"") | N37: =CHAIN_RAW!H37 | O37: =CHAIN_RAW!O37 | P37: =IFERROR(O37/N37,"") | Q37: =CHAIN_RAW!I37 | R37: =CHAIN_RAW!P37 | S37: =IFERROR(R37/Q37,"") | T37: =IFERROR((ABS(N37-O37)/MAX(1,(N37+O37)))*EXP(-ABS(E37-CONTROL!E5)/MAX(1,CONTROL!B8)),"") | U37: =IFERROR(IF(O37>N37,"SUPPORT (PE OI)","RESIST (CE OI)"),"") | V37: =IFERROR(IF(Q37>0,IF(R37>0,"BOTH_ADD","CE_ADD_PE_REDUCE"),IF(R37>0,"CE_REDUCE_PE_ADD","BOTH_REDUCE")),"") | W37: =IFERROR( (P37-1)*0.5 + (M37)*0.1 - (I37+J37)*0.05 + T37*0.4 ,"") | X37: =IFERROR(IF(ABS(F37)<0.01,"ATM/NEAR",""),"")
A38: =CHAIN_RAW!A38 | B38: =CHAIN_RAW!B38 | C38: =CHAIN_RAW!C38 | D38: =CHAIN_RAW!D38 | E38: =CHAIN_RAW!E38 | F38: =IFERROR((E38-D38)/D38,"") | G38: =IFERROR((CHAIN_RAW!K38+CHAIN_RAW!L38)/2,"") | H38: =IFERROR((CHAIN_RAW!R38+CHAIN_RAW!S38)/2,"") | I38: =IFERROR((CHAIN_RAW!L38-CHAIN_RAW!K38)/MAX(1E-9, G38),"") | J38: =IFERROR((CHAIN_RAW!S38-CHAIN_RAW!R38)/MAX(1E-9, H38),"") | K38: =CHAIN_RAW!G38 | L38: =CHAIN_RAW!N38 | M38: =IFERROR(L38-K38,"") | N38: =CHAIN_RAW!H38 | O38: =CHAIN_RAW!O38 | P38: =IFERROR(O38/N38,"") | Q38: =CHAIN_RAW!I38 | R38: =CHAIN_RAW!P38 | S38: =IFERROR(R38/Q38,"") | T38: =IFERROR((ABS(N38-O38)/MAX(1,(N38+O38)))*EXP(-ABS(E38-CONTROL!E5)/MAX(1,CONTROL!B8)),"") | U38: =IFERROR(IF(O38>N38,"SUPPORT (PE OI)","RESIST (CE OI)"),"") | V38: =IFERROR(IF(Q38>0,IF(R38>0,"BOTH_ADD","CE_ADD_PE_REDUCE"),IF(R38>0,"CE_REDUCE_PE_ADD","BOTH_REDUCE")),"") | W38: =IFERROR( (P38-1)*0.5 + (M38)*0.1 - (I38+J38)*0.05 + T38*0.4 ,"") | X38: =IFERROR(IF(ABS(F38)<0.01,"ATM/NEAR",""),"")
A39: =CHAIN_RAW!A39 | B39: =CHAIN_RAW!B39 | C39: =CHAIN_RAW!C39 | D39: =CHAIN_RAW!D39 | E39: =CHAIN_RAW!E39 | F39: =IFERROR((E39-D39)/D39,"") | G39: =IFERROR((CHAIN_RAW!K39+CHAIN_RAW!L39)/2,"") | H39: =IFERROR((CHAIN_RAW!R39+CHAIN_RAW!S39)/2,"") | I39: =IFERROR((CHAIN_RAW!L39-CHAIN_RAW!K39)/MAX(1E-9, G39),"") | J39: =IFERROR((CHAIN_RAW!S39-CHAIN_RAW!R39)/MAX(1E-9, H39),"") | K39: =CHAIN_RAW!G39 | L39: =CHAIN_RAW!N39 | M39: =IFERROR(L39-K39,"") | N39: =CHAIN_RAW!H39 | O39: =CHAIN_RAW!O39 | P39: =IFERROR(O39/N39,"") | Q39: =CHAIN_RAW!I39 | R39: =CHAIN_RAW!P39 | S39: =IFERROR(R39/Q39,"") | T39: =IFERROR((ABS(N39-O39)/MAX(1,(N39+O39)))*EXP(-ABS(E39-CONTROL!E5)/MAX(1,CONTROL!B8)),"") | U39: =IFERROR(IF(O39>N39,"SUPPORT (PE OI)","RESIST (CE OI)"),"") | V39: =IFERROR(IF(Q39>0,IF(R39>0,"BOTH_ADD","CE_ADD_PE_REDUCE"),IF(R39>0,"CE_REDUCE_PE_ADD","BOTH_REDUCE")),"") | W39: =IFERROR( (P39-1)*0.5 + (M39)*0.1 - (I39+J39)*0.05 + T39*0.4 ,"") | X39: =IFERROR(IF(ABS(F39)<0.01,"ATM/NEAR",""),"")
A40: =CHAIN_RAW!A40 | B40: =CHAIN_RAW!B40 | C40: =CHAIN_RAW!C40 | D40: =CHAIN_RAW!D40 | E40: =CHAIN_RAW!E40 | F40: =IFERROR((E40-D40)/D40,"") | G40: =IFERROR((CHAIN_RAW!K40+CHAIN_RAW!L40)/2,"") | H40: =IFERROR((CHAIN_RAW!R40+CHAIN_RAW!S40)/2,"") | I40: =IFERROR((CHAIN_RAW!L40-CHAIN_RAW!K40)/MAX(1E-9, G40),"") | J40: =IFERROR((CHAIN_RAW!S40-CHAIN_RAW!R40)/MAX(1E-9, H40),"") | K40: =CHAIN_RAW!G40 | L40: =CHAIN_RAW!N40 | M40: =IFERROR(L40-K40,"") | N40: =CHAIN_RAW!H40 | O40: =CHAIN_RAW!O40 | P40: =IFERROR(O40/N40,"") | Q40: =CHAIN_RAW!I40 | R40: =CHAIN_RAW!P40 | S40: =IFERROR(R40/Q40,"") | T40: =IFERROR((ABS(N40-O40)/MAX(1,(N40+O40)))*EXP(-ABS(E40-CONTROL!E5)/MAX(1,CONTROL!B8)),"") | U40: =IFERROR(IF(O40>N40,"SUPPORT (PE OI)","RESIST (CE OI)"),"") | V40: =IFERROR(IF(Q40>0,IF(R40>0,"BOTH_ADD","CE_ADD_PE_REDUCE"),IF(R40>0,"CE_REDUCE_PE_ADD","BOTH_REDUCE")),"") | W40: =IFERROR( (P40-1)*0.5 + (M40)*0.1 - (I40+J40)*0.05 + T40*0.4 ,"") | X40: =IFERROR(IF(ABS(F40)<0.01,"ATM/NEAR",""),"")
A41: =CHAIN_RAW!A41 | B41: =CHAIN_RAW!B41 | C41: =CHAIN_RAW!C41 | D41: =CHAIN_RAW!D41 | E41: =CHAIN_RAW!E41 | F41: =IFERROR((E41-D41)/D41,"") | G41: =IFERROR((CHAIN_RAW!K41+CHAIN_RAW!L41)/2,"") | H41: =IFERROR((CHAIN_RAW!R41+CHAIN_RAW!S41)/2,"") | I41: =IFERROR((CHAIN_RAW!L41-CHAIN_RAW!K41)/MAX(1E-9, G41),"") | J41: =IFERROR((CHAIN_RAW!S41-CHAIN_RAW!R41)/MAX(1E-9, H41),"") | K41: =CHAIN_RAW!G41 | L41: =CHAIN_RAW!N41 | M41: =IFERROR(L41-K41,"") | N41: =CHAIN_RAW!H41 | O41: =CHAIN_RAW!O41 | P41: =IFERROR(O41/N41,"") | Q41: =CHAIN_RAW!I41 | R41: =CHAIN_RAW!P41 | S41: =IFERROR(R41/Q41,"") | T41: =IFERROR((ABS(N41-O41)/MAX(1,(N41+O41)))*EXP(-ABS(E41-CONTROL!E5)/MAX(1,CONTROL!B8)),"") | U41: =IFERROR(IF(O41>N41,"SUPPORT (PE OI)","RESIST (CE OI)"),"") | V41: =IFERROR(IF(Q41>0,IF(R41>0,"BOTH_ADD","CE_ADD_PE_REDUCE"),IF(R41>0,"CE_REDUCE_PE_ADD","BOTH_REDUCE")),"") | W41: =IFERROR( (P41-1)*0.5 + (M41)*0.1 - (I41+J41)*0.05 + T41*0.4 ,"") | X41: =IFERROR(IF(ABS(F41)<0.01,"ATM/NEAR",""),"")
A42: =CHAIN_RAW!A42 | B42: =CHAIN_RAW!B42 | C42: =CHAIN_RAW!C42 | D42: =CHAIN_RAW!D42 | E42: =CHAIN_RAW!E42 | F42: =IFERROR((E42-D42)/D42,"") | G42: =IFERROR((CHAIN_RAW!K42+CHAIN_RAW!L42)/2,"") | H42: =IFERROR((CHAIN_RAW!R42+CHAIN_RAW!S42)/2,"") | I42: =IFERROR((CHAIN_RAW!L42-CHAIN_RAW!K42)/MAX(1E-9, G42),"") | J42: =IFERROR((CHAIN_RAW!S42-CHAIN_RAW!R42)/MAX(1E-9, H42),"") | K42: =CHAIN_RAW!G42 | L42: =CHAIN_RAW!N42 | M42: =IFERROR(L42-K42,"") | N42: =CHAIN_RAW!H42 | O42: =CHAIN_RAW!O42 | P42: =IFERROR(O42/N42,"") | Q42: =CHAIN_RAW!I42 | R42: =CHAIN_RAW!P42 | S42: =IFERROR(R42/Q42,"") | T42: =IFERROR((ABS(N42-O42)/MAX(1,(N42+O42)))*EXP(-ABS(E42-CONTROL!E5)/MAX(1,CONTROL!B8)),"") | U42: =IFERROR(IF(O42>N42,"SUPPORT (PE OI)","RESIST (CE OI)"),"") | V42: =IFERROR(IF(Q42>0,IF(R42>0,"BOTH_ADD","CE_ADD_PE_REDUCE"),IF(R42>0,"CE_REDUCE_PE_ADD","BOTH_REDUCE")),"") | W42: =IFERROR( (P42-1)*0.5 + (M42)*0.1 - (I42+J42)*0.05 + T42*0.4 ,"") | X42: =IFERROR(IF(ABS(F42)<0.01,"ATM/NEAR",""),"")
A43: =CHAIN_RAW!A43 | B43: =CHAIN_RAW!B43 | C43: =CHAIN_RAW!C43 | D43: =CHAIN_RAW!D43 | E43: =CHAIN_RAW!E43 | F43: =IFERROR((E43-D43)/D43,"") | G43: =IFERROR((CHAIN_RAW!K43+CHAIN_RAW!L43)/2,"") | H43: =IFERROR((CHAIN_RAW!R43+CHAIN_RAW!S43)/2,"") | I43: =IFERROR((CHAIN_RAW!L43-CHAIN_RAW!K43)/MAX(1E-9, G43),"") | J43: =IFERROR((CHAIN_RAW!S43-CHAIN_RAW!R43)/MAX(1E-9, H43),"") | K43: =CHAIN_RAW!G43 | L43: =CHAIN_RAW!N43 | M43: =IFERROR(L43-K43,"") | N43: =CHAIN_RAW!H43 | O43: =CHAIN_RAW!O43 | P43: =IFERROR(O43/N43,"") | Q43: =CHAIN_RAW!I43 | R43: =CHAIN_RAW!P43 | S43: =IFERROR(R43/Q43,"") | T43: =IFERROR((ABS(N43-O43)/MAX(1,(N43+O43)))*EXP(-ABS(E43-CONTROL!E5)/MAX(1,CONTROL!B8)),"") | U43: =IFERROR(IF(O43>N43,"SUPPORT (PE OI)","RESIST (CE OI)"),"") | V43: =IFERROR(IF(Q43>0,IF(R43>0,"BOTH_ADD","CE_ADD_PE_REDUCE"),IF(R43>0,"CE_REDUCE_PE_ADD","BOTH_REDUCE")),"") | W43: =IFERROR( (P43-1)*0.5 + (M43)*0.1 - (I43+J43)*0.05 + T43*0.4 ,"") | X43: =IFERROR(IF(ABS(F43)<0.01,"ATM/NEAR",""),"")
A44: =CHAIN_RAW!A44 | B44: =CHAIN_RAW!B44 | C44: =CHAIN_RAW!C44 | D44: =CHAIN_RAW!D44 | E44: =CHAIN_RAW!E44 | F44: =IFERROR((E44-D44)/D44,"") | G44: =IFERROR((CHAIN_RAW!K44+CHAIN_RAW!L44)/2,"") | H44: =IFERROR((CHAIN_RAW!R44+CHAIN_RAW!S44)/2,"") | I44: =IFERROR((CHAIN_RAW!L44-CHAIN_RAW!K44)/MAX(1E-9, G44),"") | J44: =IFERROR((CHAIN_RAW!S44-CHAIN_RAW!R44)/MAX(1E-9, H44),"") | K44: =CHAIN_RAW!G44 | L44: =CHAIN_RAW!N44 | M44: =IFERROR(L44-K44,"") | N44: =CHAIN_RAW!H44 | O44: =CHAIN_RAW!O44 | P44: =IFERROR(O44/N44,"") | Q44: =CHAIN_RAW!I44 | R44: =CHAIN_RAW!P44 | S44: =IFERROR(R44/Q44,"") | T44: =IFERROR((ABS(N44-O44)/MAX(1,(N44+O44)))*EXP(-ABS(E44-CONTROL!E5)/MAX(1,CONTROL!B8)),"") | U44: =IFERROR(IF(O44>N44,"SUPPORT (PE OI)","RESIST (CE OI)"),"") | V44: =IFERROR(IF(Q44>0,IF(R44>0,"BOTH_ADD","CE_ADD_PE_REDUCE"),IF(R44>0,"CE_REDUCE_PE_ADD","BOTH_REDUCE")),"") | W44: =IFERROR( (P44-1)*0.5 + (M44)*0.1 - (I44+J44)*0.05 + T44*0.4 ,"") | X44: =IFERROR(IF(ABS(F44)<0.01,"ATM/NEAR",""),"")
A45: =CHAIN_RAW!A45 | B45: =CHAIN_RAW!B45 | C45: =CHAIN_RAW!C45 | D45: =CHAIN_RAW!D45 | E45: =CHAIN_RAW!E45 | F45: =IFERROR((E45-D45)/D45,"") | G45: =IFERROR((CHAIN_RAW!K45+CHAIN_RAW!L45)/2,"") | H45: =IFERROR((CHAIN_RAW!R45+CHAIN_RAW!S45)/2,"") | I45: =IFERROR((CHAIN_RAW!L45-CHAIN_RAW!K45)/MAX(1E-9, G45),"") | J45: =IFERROR((CHAIN_RAW!S45-CHAIN_RAW!R45)/MAX(1E-9, H45),"") | K45: =CHAIN_RAW!G45 | L45: =CHAIN_RAW!N45 | M45: =IFERROR(L45-K45,"") | N45: =CHAIN_RAW!H45 | O45: =CHAIN_RAW!O45 | P45: =IFERROR(O45/N45,"") | Q45: =CHAIN_RAW!I45 | R45: =CHAIN_RAW!P45 | S45: =IFERROR(R45/Q45,"") | T45: =IFERROR((ABS(N45-O45)/MAX(1,(N45+O45)))*EXP(-ABS(E45-CONTROL!E5)/MAX(1,CONTROL!B8)),"") | U45: =IFERROR(IF(O45>N45,"SUPPORT (PE OI)","RESIST (CE OI)"),"") | V45: =IFERROR(IF(Q45>0,IF(R45>0,"BOTH_ADD","CE_ADD_PE_REDUCE"),IF(R45>0,"CE_REDUCE_PE_ADD","BOTH_REDUCE")),"") | W45: =IFERROR( (P45-1)*0.5 + (M45)*0.1 - (I45+J45)*0.05 + T45*0.4 ,"") | X45: =IFERROR(IF(ABS(F45)<0.01,"ATM/NEAR",""),"")
A46: =CHAIN_RAW!A46 | B46: =CHAIN_RAW!B46 | C46: =CHAIN_RAW!C46 | D46: =CHAIN_RAW!D46 | E46: =CHAIN_RAW!E46 | F46: =IFERROR((E46-D46)/D46,"") | G46: =IFERROR((CHAIN_RAW!K46+CHAIN_RAW!L46)/2,"") | H46: =IFERROR((CHAIN_RAW!R46+CHAIN_RAW!S46)/2,"") | I46: =IFERROR((CHAIN_RAW!L46-CHAIN_RAW!K46)/MAX(1E-9, G46),"") | J46: =IFERROR((CHAIN_RAW!S46-CHAIN_RAW!R46)/MAX(1E-9, H46),"") | K46: =CHAIN_RAW!G46 | L46: =CHAIN_RAW!N46 | M46: =IFERROR(L46-K46,"") | N46: =CHAIN_RAW!H46 | O46: =CHAIN_RAW!O46 | P46: =IFERROR(O46/N46,"") | Q46: =CHAIN_RAW!I46 | R46: =CHAIN_RAW!P46 | S46: =IFERROR(R46/Q46,"") | T46: =IFERROR((ABS(N46-O46)/MAX(1,(N46+O46)))*EXP(-ABS(E46-CONTROL!E5)/MAX(1,CONTROL!B8)),"") | U46: =IFERROR(IF(O46>N46,"SUPPORT (PE OI)","RESIST (CE OI)"),"") | V46: =IFERROR(IF(Q46>0,IF(R46>0,"BOTH_ADD","CE_ADD_PE_REDUCE"),IF(R46>0,"CE_REDUCE_PE_ADD","BOTH_REDUCE")),"") | W46: =IFERROR( (P46-1)*0.5 + (M46)*0.1 - (I46+J46)*0.05 + T46*0.4 ,"") | X46: =IFERROR(IF(ABS(F46)<0.01,"ATM/NEAR",""),"")
A47: =CHAIN_RAW!A47 | B47: =CHAIN_RAW!B47 | C47: =CHAIN_RAW!C47 | D47: =CHAIN_RAW!D47 | E47: =CHAIN_RAW!E47 | F47: =IFERROR((E47-D47)/D47,"") | G47: =IFERROR((CHAIN_RAW!K47+CHAIN_RAW!L47)/2,"") | H47: =IFERROR((CHAIN_RAW!R47+CHAIN_RAW!S47)/2,"") | I47: =IFERROR((CHAIN_RAW!L47-CHAIN_RAW!K47)/MAX(1E-9, G47),"") | J47: =IFERROR((CHAIN_RAW!S47-CHAIN_RAW!R47)/MAX(1E-9, H47),"") | K47: =CHAIN_RAW!G47 | L47: =CHAIN_RAW!N47 | M47: =IFERROR(L47-K47,"") | N47: =CHAIN_RAW!H47 | O47: =CHAIN_RAW!O47 | P47: =IFERROR(O47/N47,"") | Q47: =CHAIN_RAW!I47 | R47: =CHAIN_RAW!P47 | S47: =IFERROR(R47/Q47,"") | T47: =IFERROR((ABS(N47-O47)/MAX(1,(N47+O47)))*EXP(-ABS(E47-CONTROL!E5)/MAX(1,CONTROL!B8)),"") | U47: =IFERROR(IF(O47>N47,"SUPPORT (PE OI)","RESIST (CE OI)"),"") | V47: =IFERROR(IF(Q47>0,IF(R47>0,"BOTH_ADD","CE_ADD_PE_REDUCE"),IF(R47>0,"CE_REDUCE_PE_ADD","BOTH_REDUCE")),"") | W47: =IFERROR( (P47-1)*0.5 + (M47)*0.1 - (I47+J47)*0.05 + T47*0.4 ,"") | X47: =IFERROR(IF(ABS(F47)<0.01,"ATM/NEAR",""),"")
A48: =CHAIN_RAW!A48 | B48: =CHAIN_RAW!B48 | C48: =CHAIN_RAW!C48 | D48: =CHAIN_RAW!D48 | E48: =CHAIN_RAW!E48 | F48: =IFERROR((E48-D48)/D48,"") | G48: =IFERROR((CHAIN_RAW!K48+CHAIN_RAW!L48)/2,"") | H48: =IFERROR((CHAIN_RAW!R48+CHAIN_RAW!S48)/2,"") | I48: =IFERROR((CHAIN_RAW!L48-CHAIN_RAW!K48)/MAX(1E-9, G48),"") | J48: =IFERROR((CHAIN_RAW!S48-CHAIN_RAW!R48)/MAX(1E-9, H48),"") | K48: =CHAIN_RAW!G48 | L48: =CHAIN_RAW!N48 | M48: =IFERROR(L48-K48,"") | N48: =CHAIN_RAW!H48 | O48: =CHAIN_RAW!O48 | P48: =IFERROR(O48/N48,"") | Q48: =CHAIN_RAW!I48 | R48: =CHAIN_RAW!P48 | S48: =IFERROR(R48/Q48,"") | T48: =IFERROR((ABS(N48-O48)/MAX(1,(N48+O48)))*EXP(-ABS(E48-CONTROL!E5)/MAX(1,CONTROL!B8)),"") | U48: =IFERROR(IF(O48>N48,"SUPPORT (PE OI)","RESIST (CE OI)"),"") | V48: =IFERROR(IF(Q48>0,IF(R48>0,"BOTH_ADD","CE_ADD_PE_REDUCE"),IF(R48>0,"CE_REDUCE_PE_ADD","BOTH_REDUCE")),"") | W48: =IFERROR( (P48-1)*0.5 + (M48)*0.1 - (I48+J48)*0.05 + T48*0.4 ,"") | X48: =IFERROR(IF(ABS(F48)<0.01,"ATM/NEAR",""),"")
A49: =CHAIN_RAW!A49 | B49: =CHAIN_RAW!B49 | C49: =CHAIN_RAW!C49 | D49: =CHAIN_RAW!D49 | E49: =CHAIN_RAW!E49 | F49: =IFERROR((E49-D49)/D49,"") | G49: =IFERROR((CHAIN_RAW!K49+CHAIN_RAW!L49)/2,"") | H49: =IFERROR((CHAIN_RAW!R49+CHAIN_RAW!S49)/2,"") | I49: =IFERROR((CHAIN_RAW!L49-CHAIN_RAW!K49)/MAX(1E-9, G49),"") | J49: =IFERROR((CHAIN_RAW!S49-CHAIN_RAW!R49)/MAX(1E-9, H49),"") | K49: =CHAIN_RAW!G49 | L49: =CHAIN_RAW!N49 | M49: =IFERROR(L49-K49,"") | N49: =CHAIN_RAW!H49 | O49: =CHAIN_RAW!O49 | P49: =IFERROR(O49/N49,"") | Q49: =CHAIN_RAW!I49 | R49: =CHAIN_RAW!P49 | S49: =IFERROR(R49/Q49,"") | T49: =IFERROR((ABS(N49-O49)/MAX(1,(N49+O49)))*EXP(-ABS(E49-CONTROL!E5)/MAX(1,CONTROL!B8)),"") | U49: =IFERROR(IF(O49>N49,"SUPPORT (PE OI)","RESIST (CE OI)"),"") | V49: =IFERROR(IF(Q49>0,IF(R49>0,"BOTH_ADD","CE_ADD_PE_REDUCE"),IF(R49>0,"CE_REDUCE_PE_ADD","BOTH_REDUCE")),"") | W49: =IFERROR( (P49-1)*0.5 + (M49)*0.1 - (I49+J49)*0.05 + T49*0.4 ,"") | X49: =IFERROR(IF(ABS(F49)<0.01,"ATM/NEAR",""),"")
A50: =CHAIN_RAW!A50 | B50: =CHAIN_RAW!B50 | C50: =CHAIN_RAW!C50 | D50: =CHAIN_RAW!D50 | E50: =CHAIN_RAW!E50 | F50: =IFERROR((E50-D50)/D50,"") | G50: =IFERROR((CHAIN_RAW!K50+CHAIN_RAW!L50)/2,"") | H50: =IFERROR((CHAIN_RAW!R50+CHAIN_RAW!S50)/2,"") | I50: =IFERROR((CHAIN_RAW!L50-CHAIN_RAW!K50)/MAX(1E-9, G50),"") | J50: =IFERROR((CHAIN_RAW!S50-CHAIN_RAW!R50)/MAX(1E-9, H50),"") | K50: =CHAIN_RAW!G50 | L50: =CHAIN_RAW!N50 | M50: =IFERROR(L50-K50,"") | N50: =CHAIN_RAW!H50 | O50: =CHAIN_RAW!O50 | P50: =IFERROR(O50/N50,"") | Q50: =CHAIN_RAW!I50 | R50: =CHAIN_RAW!P50 | S50: =IFERROR(R50/Q50,"") | T50: =IFERROR((ABS(N50-O50)/MAX(1,(N50+O50)))*EXP(-ABS(E50-CONTROL!E5)/MAX(1,CONTROL!B8)),"") | U50: =IFERROR(IF(O50>N50,"SUPPORT (PE OI)","RESIST (CE OI)"),"") | V50: =IFERROR(IF(Q50>0,IF(R50>0,"BOTH_ADD","CE_ADD_PE_REDUCE"),IF(R50>0,"CE_REDUCE_PE_ADD","BOTH_REDUCE")),"") | W50: =IFERROR( (P50-1)*0.5 + (M50)*0.1 - (I50+J50)*0.05 + T50*0.4 ,"") | X50: =IFERROR(IF(ABS(F50)<0.01,"ATM/NEAR",""),"")
A51: =CHAIN_RAW!A51 | B51: =CHAIN_RAW!B51 | C51: =CHAIN_RAW!C51 | D51: =CHAIN_RAW!D51 | E51: =CHAIN_RAW!E51 | F51: =IFERROR((E51-D51)/D51,"") | G51: =IFERROR((CHAIN_RAW!K51+CHAIN_RAW!L51)/2,"") | H51: =IFERROR((CHAIN_RAW!R51+CHAIN_RAW!S51)/2,"") | I51: =IFERROR((CHAIN_RAW!L51-CHAIN_RAW!K51)/MAX(1E-9, G51),"") | J51: =IFERROR((CHAIN_RAW!S51-CHAIN_RAW!R51)/MAX(1E-9, H51),"") | K51: =CHAIN_RAW!G51 | L51: =CHAIN_RAW!N51 | M51: =IFERROR(L51-K51,"") | N51: =CHAIN_RAW!H51 | O51: =CHAIN_RAW!O51 | P51: =IFERROR(O51/N51,"") | Q51: =CHAIN_RAW!I51 | R51: =CHAIN_RAW!P51 | S51: =IFERROR(R51/Q51,"") | T51: =IFERROR((ABS(N51-O51)/MAX(1,(N51+O51)))*EXP(-ABS(E51-CONTROL!E5)/MAX(1,CONTROL!B8)),"") | U51: =IFERROR(IF(O51>N51,"SUPPORT (PE OI)","RESIST (CE OI)"),"") | V51: =IFERROR(IF(Q51>0,IF(R51>0,"BOTH_ADD","CE_ADD_PE_REDUCE"),IF(R51>0,"CE_REDUCE_PE_ADD","BOTH_REDUCE")),"") | W51: =IFERROR( (P51-1)*0.5 + (M51)*0.1 - (I51+J51)*0.05 + T51*0.4 ,"") | X51: =IFERROR(IF(ABS(F51)<0.01,"ATM/NEAR",""),"")
A52: =CHAIN_RAW!A52 | B52: =CHAIN_RAW!B52 | C52: =CHAIN_RAW!C52 | D52: =CHAIN_RAW!D52 | E52: =CHAIN_RAW!E52 | F52: =IFERROR((E52-D52)/D52,"") | G52: =IFERROR((CHAIN_RAW!K52+CHAIN_RAW!L52)/2,"") | H52: =IFERROR((CHAIN_RAW!R52+CHAIN_RAW!S52)/2,"") | I52: =IFERROR((CHAIN_RAW!L52-CHAIN_RAW!K52)/MAX(1E-9, G52),"") | J52: =IFERROR((CHAIN_RAW!S52-CHAIN_RAW!R52)/MAX(1E-9, H52),"") | K52: =CHAIN_RAW!G52 | L52: =CHAIN_RAW!N52 | M52: =IFERROR(L52-K52,"") | N52: =CHAIN_RAW!H52 | O52: =CHAIN_RAW!O52 | P52: =IFERROR(O52/N52,"") | Q52: =CHAIN_RAW!I52 | R52: =CHAIN_RAW!P52 | S52: =IFERROR(R52/Q52,"") | T52: =IFERROR((ABS(N52-O52)/MAX(1,(N52+O52)))*EXP(-ABS(E52-CONTROL!E5)/MAX(1,CONTROL!B8)),"") | U52: =IFERROR(IF(O52>N52,"SUPPORT (PE OI)","RESIST (CE OI)"),"") | V52: =IFERROR(IF(Q52>0,IF(R52>0,"BOTH_ADD","CE_ADD_PE_REDUCE"),IF(R52>0,"CE_REDUCE_PE_ADD","BOTH_REDUCE")),"") | W52: =IFERROR( (P52-1)*0.5 + (M52)*0.1 - (I52+J52)*0.05 + T52*0.4 ,"") | X52: =IFERROR(IF(ABS(F52)<0.01,"ATM/NEAR",""),"")
A53: =CHAIN_RAW!A53 | B53: =CHAIN_RAW!B53 | C53: =CHAIN_RAW!C53 | D53: =CHAIN_RAW!D53 | E53: =CHAIN_RAW!E53 | F53: =IFERROR((E53-D53)/D53,"") | G53: =IFERROR((CHAIN_RAW!K53+CHAIN_RAW!L53)/2,"") | H53: =IFERROR((CHAIN_RAW!R53+CHAIN_RAW!S53)/2,"") | I53: =IFERROR((CHAIN_RAW!L53-CHAIN_RAW!K53)/MAX(1E-9, G53),"") | J53: =IFERROR((CHAIN_RAW!S53-CHAIN_RAW!R53)/MAX(1E-9, H53),"") | K53: =CHAIN_RAW!G53 | L53: =CHAIN_RAW!N53 | M53: =IFERROR(L53-K53,"") | N53: =CHAIN_RAW!H53 | O53: =CHAIN_RAW!O53 | P53: =IFERROR(O53/N53,"") | Q53: =CHAIN_RAW!I53 | R53: =CHAIN_RAW!P53 | S53: =IFERROR(R53/Q53,"") | T53: =IFERROR((ABS(N53-O53)/MAX(1,(N53+O53)))*EXP(-ABS(E53-CONTROL!E5)/MAX(1,CONTROL!B8)),"") | U53: =IFERROR(IF(O53>N53,"SUPPORT (PE OI)","RESIST (CE OI)"),"") | V53: =IFERROR(IF(Q53>0,IF(R53>0,"BOTH_ADD","CE_ADD_PE_REDUCE"),IF(R53>0,"CE_REDUCE_PE_ADD","BOTH_REDUCE")),"") | W53: =IFERROR( (P53-1)*0.5 + (M53)*0.1 - (I53+J53)*0.05 + T53*0.4 ,"") | X53: =IFERROR(IF(ABS(F53)<0.01,"ATM/NEAR",""),"")
A54: =CHAIN_RAW!A54 | B54: =CHAIN_RAW!B54 | C54: =CHAIN_RAW!C54 | D54: =CHAIN_RAW!D54 | E54: =CHAIN_RAW!E54 | F54: =IFERROR((E54-D54)/D54,"") | G54: =IFERROR((CHAIN_RAW!K54+CHAIN_RAW!L54)/2,"") | H54: =IFERROR((CHAIN_RAW!R54+CHAIN_RAW!S54)/2,"") | I54: =IFERROR((CHAIN_RAW!L54-CHAIN_RAW!K54)/MAX(1E-9, G54),"") | J54: =IFERROR((CHAIN_RAW!S54-CHAIN_RAW!R54)/MAX(1E-9, H54),"") | K54: =CHAIN_RAW!G54 | L54: =CHAIN_RAW!N54 | M54: =IFERROR(L54-K54,"") | N54: =CHAIN_RAW!H54 | O54: =CHAIN_RAW!O54 | P54: =IFERROR(O54/N54,"") | Q54: =CHAIN_RAW!I54 | R54: =CHAIN_RAW!P54 | S54: =IFERROR(R54/Q54,"") | T54: =IFERROR((ABS(N54-O54)/MAX(1,(N54+O54)))*EXP(-ABS(E54-CONTROL!E5)/MAX(1,CONTROL!B8)),"") | U54: =IFERROR(IF(O54>N54,"SUPPORT (PE OI)","RESIST (CE OI)"),"") | V54: =IFERROR(IF(Q54>0,IF(R54>0,"BOTH_ADD","CE_ADD_PE_REDUCE"),IF(R54>0,"CE_REDUCE_PE_ADD","BOTH_REDUCE")),"") | W54: =IFERROR( (P54-1)*0.5 + (M54)*0.1 - (I54+J54)*0.05 + T54*0.4 ,"") | X54: =IFERROR(IF(ABS(F54)<0.01,"ATM/NEAR",""),"")
A55: =CHAIN_RAW!A55 | B55: =CHAIN_RAW!B55 | C55: =CHAIN_RAW!C55 | D55: =CHAIN_RAW!D55 | E55: =CHAIN_RAW!E55 | F55: =IFERROR((E55-D55)/D55,"") | G55: =IFERROR((CHAIN_RAW!K55+CHAIN_RAW!L55)/2,"") | H55: =IFERROR((CHAIN_RAW!R55+CHAIN_RAW!S55)/2,"") | I55: =IFERROR((CHAIN_RAW!L55-CHAIN_RAW!K55)/MAX(1E-9, G55),"") | J55: =IFERROR((CHAIN_RAW!S55-CHAIN_RAW!R55)/MAX(1E-9, H55),"") | K55: =CHAIN_RAW!G55 | L55: =CHAIN_RAW!N55 | M55: =IFERROR(L55-K55,"") | N55: =CHAIN_RAW!H55 | O55: =CHAIN_RAW!O55 | P55: =IFERROR(O55/N55,"") | Q55: =CHAIN_RAW!I55 | R55: =CHAIN_RAW!P55 | S55: =IFERROR(R55/Q55,"") | T55: =IFERROR((ABS(N55-O55)/MAX(1,(N55+O55)))*EXP(-ABS(E55-CONTROL!E5)/MAX(1,CONTROL!B8)),"") | U55: =IFERROR(IF(O55>N55,"SUPPORT (PE OI)","RESIST (CE OI)"),"") | V55: =IFERROR(IF(Q55>0,IF(R55>0,"BOTH_ADD","CE_ADD_PE_REDUCE"),IF(R55>0,"CE_REDUCE_PE_ADD","BOTH_REDUCE")),"") | W55: =IFERROR( (P55-1)*0.5 + (M55)*0.1 - (I55+J55)*0.05 + T55*0.4 ,"") | X55: =IFERROR(IF(ABS(F55)<0.01,"ATM/NEAR",""),"")
A56: =CHAIN_RAW!A56 | B56: =CHAIN_RAW!B56 | C56: =CHAIN_RAW!C56 | D56: =CHAIN_RAW!D56 | E56: =CHAIN_RAW!E56 | F56: =IFERROR((E56-D56)/D56,"") | G56: =IFERROR((CHAIN_RAW!K56+CHAIN_RAW!L56)/2,"") | H56: =IFERROR((CHAIN_RAW!R56+CHAIN_RAW!S56)/2,"") | I56: =IFERROR((CHAIN_RAW!L56-CHAIN_RAW!K56)/MAX(1E-9, G56),"") | J56: =IFERROR((CHAIN_RAW!S56-CHAIN_RAW!R56)/MAX(1E-9, H56),"") | K56: =CHAIN_RAW!G56 | L56: =CHAIN_RAW!N56 | M56: =IFERROR(L56-K56,"") | N56: =CHAIN_RAW!H56 | O56: =CHAIN_RAW!O56 | P56: =IFERROR(O56/N56,"") | Q56: =CHAIN_RAW!I56 | R56: =CHAIN_RAW!P56 | S56: =IFERROR(R56/Q56,"") | T56: =IFERROR((ABS(N56-O56)/MAX(1,(N56+O56)))*EXP(-ABS(E56-CONTROL!E5)/MAX(1,CONTROL!B8)),"") | U56: =IFERROR(IF(O56>N56,"SUPPORT (PE OI)","RESIST (CE OI)"),"") | V56: =IFERROR(IF(Q56>0,IF(R56>0,"BOTH_ADD","CE_ADD_PE_REDUCE"),IF(R56>0,"CE_REDUCE_PE_ADD","BOTH_REDUCE")),"") | W56: =IFERROR( (P56-1)*0.5 + (M56)*0.1 - (I56+J56)*0.05 + T56*0.4 ,"") | X56: =IFERROR(IF(ABS(F56)<0.01,"ATM/NEAR",""),"")
A57: =CHAIN_RAW!A57 | B57: =CHAIN_RAW!B57 | C57: =CHAIN_RAW!C57 | D57: =CHAIN_RAW!D57 | E57: =CHAIN_RAW!E57 | F57: =IFERROR((E57-D57)/D57,"") | G57: =IFERROR((CHAIN_RAW!K57+CHAIN_RAW!L57)/2,"") | H57: =IFERROR((CHAIN_RAW!R57+CHAIN_RAW!S57)/2,"") | I57: =IFERROR((CHAIN_RAW!L57-CHAIN_RAW!K57)/MAX(1E-9, G57),"") | J57: =IFERROR((CHAIN_RAW!S57-CHAIN_RAW!R57)/MAX(1E-9, H57),"") | K57: =CHAIN_RAW!G57 | L57: =CHAIN_RAW!N57 | M57: =IFERROR(L57-K57,"") | N57: =CHAIN_RAW!H57 | O57: =CHAIN_RAW!O57 | P57: =IFERROR(O57/N57,"") | Q57: =CHAIN_RAW!I57 | R57: =CHAIN_RAW!P57 | S57: =IFERROR(R57/Q57,"") | T57: =IFERROR((ABS(N57-O57)/MAX(1,(N57+O57)))*EXP(-ABS(E57-CONTROL!E5)/MAX(1,CONTROL!B8)),"") | U57: =IFERROR(IF(O57>N57,"SUPPORT (PE OI)","RESIST (CE OI)"),"") | V57: =IFERROR(IF(Q57>0,IF(R57>0,"BOTH_ADD","CE_ADD_PE_REDUCE"),IF(R57>0,"CE_REDUCE_PE_ADD","BOTH_REDUCE")),"") | W57: =IFERROR( (P57-1)*0.5 + (M57)*0.1 - (I57+J57)*0.05 + T57*0.4 ,"") | X57: =IFERROR(IF(ABS(F57)<0.01,"ATM/NEAR",""),"")
A58: =CHAIN_RAW!A58 | B58: =CHAIN_RAW!B58 | C58: =CHAIN_RAW!C58 | D58: =CHAIN_RAW!D58 | E58: =CHAIN_RAW!E58 | F58: =IFERROR((E58-D58)/D58,"") | G58: =IFERROR((CHAIN_RAW!K58+CHAIN_RAW!L58)/2,"") | H58: =IFERROR((CHAIN_RAW!R58+CHAIN_RAW!S58)/2,"") | I58: =IFERROR((CHAIN_RAW!L58-CHAIN_RAW!K58)/MAX(1E-9, G58),"") | J58: =IFERROR((CHAIN_RAW!S58-CHAIN_RAW!R58)/MAX(1E-9, H58),"") | K58: =CHAIN_RAW!G58 | L58: =CHAIN_RAW!N58 | M58: =IFERROR(L58-K58,"") | N58: =CHAIN_RAW!H58 | O58: =CHAIN_RAW!O58 | P58: =IFERROR(O58/N58,"") | Q58: =CHAIN_RAW!I58 | R58: =CHAIN_RAW!P58 | S58: =IFERROR(R58/Q58,"") | T58: =IFERROR((ABS(N58-O58)/MAX(1,(N58+O58)))*EXP(-ABS(E58-CONTROL!E5)/MAX(1,CONTROL!B8)),"") | U58: =IFERROR(IF(O58>N58,"SUPPORT (PE OI)","RESIST (CE OI)"),"") | V58: =IFERROR(IF(Q58>0,IF(R58>0,"BOTH_ADD","CE_ADD_PE_REDUCE"),IF(R58>0,"CE_REDUCE_PE_ADD","BOTH_REDUCE")),"") | W58: =IFERROR( (P58-1)*0.5 + (M58)*0.1 - (I58+J58)*0.05 + T58*0.4 ,"") | X58: =IFERROR(IF(ABS(F58)<0.01,"ATM/NEAR",""),"")
A59: =CHAIN_RAW!A59 | B59: =CHAIN_RAW!B59 | C59: =CHAIN_RAW!C59 | D59: =CHAIN_RAW!D59 | E59: =CHAIN_RAW!E59 | F59: =IFERROR((E59-D59)/D59,"") | G59: =IFERROR((CHAIN_RAW!K59+CHAIN_RAW!L59)/2,"") | H59: =IFERROR((CHAIN_RAW!R59+CHAIN_RAW!S59)/2,"") | I59: =IFERROR((CHAIN_RAW!L59-CHAIN_RAW!K59)/MAX(1E-9, G59),"") | J59: =IFERROR((CHAIN_RAW!S59-CHAIN_RAW!R59)/MAX(1E-9, H59),"") | K59: =CHAIN_RAW!G59 | L59: =CHAIN_RAW!N59 | M59: =IFERROR(L59-K59,"") | N59: =CHAIN_RAW!H59 | O59: =CHAIN_RAW!O59 | P59: =IFERROR(O59/N59,"") | Q59: =CHAIN_RAW!I59 | R59: =CHAIN_RAW!P59 | S59: =IFERROR(R59/Q59,"") | T59: =IFERROR((ABS(N59-O59)/MAX(1,(N59+O59)))*EXP(-ABS(E59-CONTROL!E5)/MAX(1,CONTROL!B8)),"") | U59: =IFERROR(IF(O59>N59,"SUPPORT (PE OI)","RESIST (CE OI)"),"") | V59: =IFERROR(IF(Q59>0,IF(R59>0,"BOTH_ADD","CE_ADD_PE_REDUCE"),IF(R59>0,"CE_REDUCE_PE_ADD","BOTH_REDUCE")),"") | W59: =IFERROR( (P59-1)*0.5 + (M59)*0.1 - (I59+J59)*0.05 + T59*0.4 ,"") | X59: =IFERROR(IF(ABS(F59)<0.01,"ATM/NEAR",""),"")
A60: =CHAIN_RAW!A60 | B60: =CHAIN_RAW!B60 | C60: =CHAIN_RAW!C60 | D60: =CHAIN_RAW!D60 | E60: =CHAIN_RAW!E60 | F60: =IFERROR((E60-D60)/D60,"") | G60: =IFERROR((CHAIN_RAW!K60+CHAIN_RAW!L60)/2,"") | H60: =IFERROR((CHAIN_RAW!R60+CHAIN_RAW!S60)/2,"") | I60: =IFERROR((CHAIN_RAW!L60-CHAIN_RAW!K60)/MAX(1E-9, G60),"") | J60: =IFERROR((CHAIN_RAW!S60-CHAIN_RAW!R60)/MAX(1E-9, H60),"") | K60: =CHAIN_RAW!G60 | L60: =CHAIN_RAW!N60 | M60: =IFERROR(L60-K60,"") | N60: =CHAIN_RAW!H60 | O60: =CHAIN_RAW!O60 | P60: =IFERROR(O60/N60,"") | Q60: =CHAIN_RAW!I60 | R60: =CHAIN_RAW!P60 | S60: =IFERROR(R60/Q60,"") | T60: =IFERROR((ABS(N60-O60)/MAX(1,(N60+O60)))*EXP(-ABS(E60-CONTROL!E5)/MAX(1,CONTROL!B8)),"") | U60: =IFERROR(IF(O60>N60,"SUPPORT (PE OI)","RESIST (CE OI)"),"") | V60: =IFERROR(IF(Q60>0,IF(R60>0,"BOTH_ADD","CE_ADD_PE_REDUCE"),IF(R60>0,"CE_REDUCE_PE_ADD","BOTH_REDUCE")),"") | W60: =IFERROR( (P60-1)*0.5 + (M60)*0.1 - (I60+J60)*0.05 + T60*0.4 ,"") | X60: =IFERROR(IF(ABS(F60)<0.01,"ATM/NEAR",""),"")
A61: =CHAIN_RAW!A61 | B61: =CHAIN_RAW!B61 | C61: =CHAIN_RAW!C61 | D61: =CHAIN_RAW!D61 | E61: =CHAIN_RAW!E61 | F61: =IFERROR((E61-D61)/D61,"") | G61: =IFERROR((CHAIN_RAW!K61+CHAIN_RAW!L61)/2,"") | H61: =IFERROR((CHAIN_RAW!R61+CHAIN_RAW!S61)/2,"") | I61: =IFERROR((CHAIN_RAW!L61-CHAIN_RAW!K61)/MAX(1E-9, G61),"") | J61: =IFERROR((CHAIN_RAW!S61-CHAIN_RAW!R61)/MAX(1E-9, H61),"") | K61: =CHAIN_RAW!G61 | L61: =CHAIN_RAW!N61 | M61: =IFERROR(L61-K61,"") | N61: =CHAIN_RAW!H61 | O61: =CHAIN_RAW!O61 | P61: =IFERROR(O61/N61,"") | Q61: =CHAIN_RAW!I61 | R61: =CHAIN_RAW!P61 | S61: =IFERROR(R61/Q61,"") | T61: =IFERROR((ABS(N61-O61)/MAX(1,(N61+O61)))*EXP(-ABS(E61-CONTROL!E5)/MAX(1,CONTROL!B8)),"") | U61: =IFERROR(IF(O61>N61,"SUPPORT (PE OI)","RESIST (CE OI)"),"") | V61: =IFERROR(IF(Q61>0,IF(R61>0,"BOTH_ADD","CE_ADD_PE_REDUCE"),IF(R61>0,"CE_REDUCE_PE_ADD","BOTH_REDUCE")),"") | W61: =IFERROR( (P61-1)*0.5 + (M61)*0.1 - (I61+J61)*0.05 + T61*0.4 ,"") | X61: =IFERROR(IF(ABS(F61)<0.01,"ATM/NEAR",""),"")
A62: =CHAIN_RAW!A62 | B62: =CHAIN_RAW!B62 | C62: =CHAIN_RAW!C62 | D62: =CHAIN_RAW!D62 | E62: =CHAIN_RAW!E62 | F62: =IFERROR((E62-D62)/D62,"") | G62: =IFERROR((CHAIN_RAW!K62+CHAIN_RAW!L62)/2,"") | H62: =IFERROR((CHAIN_RAW!R62+CHAIN_RAW!S62)/2,"") | I62: =IFERROR((CHAIN_RAW!L62-CHAIN_RAW!K62)/MAX(1E-9, G62),"") | J62: =IFERROR((CHAIN_RAW!S62-CHAIN_RAW!R62)/MAX(1E-9, H62),"") | K62: =CHAIN_RAW!G62 | L62: =CHAIN_RAW!N62 | M62: =IFERROR(L62-K62,"") | N62: =CHAIN_RAW!H62 | O62: =CHAIN_RAW!O62 | P62: =IFERROR(O62/N62,"") | Q62: =CHAIN_RAW!I62 | R62: =CHAIN_RAW!P62 | S62: =IFERROR(R62/Q62,"") | T62: =IFERROR((ABS(N62-O62)/MAX(1,(N62+O62)))*EXP(-ABS(E62-CONTROL!E5)/MAX(1,CONTROL!B8)),"") | U62: =IFERROR(IF(O62>N62,"SUPPORT (PE OI)","RESIST (CE OI)"),"") | V62: =IFERROR(IF(Q62>0,IF(R62>0,"BOTH_ADD","CE_ADD_PE_REDUCE"),IF(R62>0,"CE_REDUCE_PE_ADD","BOTH_REDUCE")),"") | W62: =IFERROR( (P62-1)*0.5 + (M62)*0.1 - (I62+J62)*0.05 + T62*0.4 ,"") | X62: =IFERROR(IF(ABS(F62)<0.01,"ATM/NEAR",""),"")
A63: =CHAIN_RAW!A63 | B63: =CHAIN_RAW!B63 | C63: =CHAIN_RAW!C63 | D63: =CHAIN_RAW!D63 | E63: =CHAIN_RAW!E63 | F63: =IFERROR((E63-D63)/D63,"") | G63: =IFERROR((CHAIN_RAW!K63+CHAIN_RAW!L63)/2,"") | H63: =IFERROR((CHAIN_RAW!R63+CHAIN_RAW!S63)/2,"") | I63: =IFERROR((CHAIN_RAW!L63-CHAIN_RAW!K63)/MAX(1E-9, G63),"") | J63: =IFERROR((CHAIN_RAW!S63-CHAIN_RAW!R63)/MAX(1E-9, H63),"") | K63: =CHAIN_RAW!G63 | L63: =CHAIN_RAW!N63 | M63: =IFERROR(L63-K63,"") | N63: =CHAIN_RAW!H63 | O63: =CHAIN_RAW!O63 | P63: =IFERROR(O63/N63,"") | Q63: =CHAIN_RAW!I63 | R63: =CHAIN_RAW!P63 | S63: =IFERROR(R63/Q63,"") | T63: =IFERROR((ABS(N63-O63)/MAX(1,(N63+O63)))*EXP(-ABS(E63-CONTROL!E5)/MAX(1,CONTROL!B8)),"") | U63: =IFERROR(IF(O63>N63,"SUPPORT (PE OI)","RESIST (CE OI)"),"") | V63: =IFERROR(IF(Q63>0,IF(R63>0,"BOTH_ADD","CE_ADD_PE_REDUCE"),IF(R63>0,"CE_REDUCE_PE_ADD","BOTH_REDUCE")),"") | W63: =IFERROR( (P63-1)*0.5 + (M63)*0.1 - (I63+J63)*0.05 + T63*0.4 ,"") | X63: =IFERROR(IF(ABS(F63)<0.01,"ATM/NEAR",""),"")
A64: =CHAIN_RAW!A64 | B64: =CHAIN_RAW!B64 | C64: =CHAIN_RAW!C64 | D64: =CHAIN_RAW!D64 | E64: =CHAIN_RAW!E64 | F64: =IFERROR((E64-D64)/D64,"") | G64: =IFERROR((CHAIN_RAW!K64+CHAIN_RAW!L64)/2,"") | H64: =IFERROR((CHAIN_RAW!R64+CHAIN_RAW!S64)/2,"") | I64: =IFERROR((CHAIN_RAW!L64-CHAIN_RAW!K64)/MAX(1E-9, G64),"") | J64: =IFERROR((CHAIN_RAW!S64-CHAIN_RAW!R64)/MAX(1E-9, H64),"") | K64: =CHAIN_RAW!G64 | L64: =CHAIN_RAW!N64 | M64: =IFERROR(L64-K64,"") | N64: =CHAIN_RAW!H64 | O64: =CHAIN_RAW!O64 | P64: =IFERROR(O64/N64,"") | Q64: =CHAIN_RAW!I64 | R64: =CHAIN_RAW!P64 | S64: =IFERROR(R64/Q64,"") | T64: =IFERROR((ABS(N64-O64)/MAX(1,(N64+O64)))*EXP(-ABS(E64-CONTROL!E5)/MAX(1,CONTROL!B8)),"") | U64: =IFERROR(IF(O64>N64,"SUPPORT (PE OI)","RESIST (CE OI)"),"") | V64: =IFERROR(IF(Q64>0,IF(R64>0,"BOTH_ADD","CE_ADD_PE_REDUCE"),IF(R64>0,"CE_REDUCE_PE_ADD","BOTH_REDUCE")),"") | W64: =IFERROR( (P64-1)*0.5 + (M64)*0.1 - (I64+J64)*0.05 + T64*0.4 ,"") | X64: =IFERROR(IF(ABS(F64)<0.01,"ATM/NEAR",""),"")
A65: =CHAIN_RAW!A65 | B65: =CHAIN_RAW!B65 | C65: =CHAIN_RAW!C65 | D65: =CHAIN_RAW!D65 | E65: =CHAIN_RAW!E65 | F65: =IFERROR((E65-D65)/D65,"") | G65: =IFERROR((CHAIN_RAW!K65+CHAIN_RAW!L65)/2,"") | H65: =IFERROR((CHAIN_RAW!R65+CHAIN_RAW!S65)/2,"") | I65: =IFERROR((CHAIN_RAW!L65-CHAIN_RAW!K65)/MAX(1E-9, G65),"") | J65: =IFERROR((CHAIN_RAW!S65-CHAIN_RAW!R65)/MAX(1E-9, H65),"") | K65: =CHAIN_RAW!G65 | L65: =CHAIN_RAW!N65 | M65: =IFERROR(L65-K65,"") | N65: =CHAIN_RAW!H65 | O65: =CHAIN_RAW!O65 | P65: =IFERROR(O65/N65,"") | Q65: =CHAIN_RAW!I65 | R65: =CHAIN_RAW!P65 | S65: =IFERROR(R65/Q65,"") | T65: =IFERROR((ABS(N65-O65)/MAX(1,(N65+O65)))*EXP(-ABS(E65-CONTROL!E5)/MAX(1,CONTROL!B8)),"") | U65: =IFERROR(IF(O65>N65,"SUPPORT (PE OI)","RESIST (CE OI)"),"") | V65: =IFERROR(IF(Q65>0,IF(R65>0,"BOTH_ADD","CE_ADD_PE_REDUCE"),IF(R65>0,"CE_REDUCE_PE_ADD","BOTH_REDUCE")),"") | W65: =IFERROR( (P65-1)*0.5 + (M65)*0.1 - (I65+J65)*0.05 + T65*0.4 ,"") | X65: =IFERROR(IF(ABS(F65)<0.01,"ATM/NEAR",""),"")
A66: =CHAIN_RAW!A66 | B66: =CHAIN_RAW!B66 | C66: =CHAIN_RAW!C66 | D66: =CHAIN_RAW!D66 | E66: =CHAIN_RAW!E66 | F66: =IFERROR((E66-D66)/D66,"") | G66: =IFERROR((CHAIN_RAW!K66+CHAIN_RAW!L66)/2,"") | H66: =IFERROR((CHAIN_RAW!R66+CHAIN_RAW!S66)/2,"") | I66: =IFERROR((CHAIN_RAW!L66-CHAIN_RAW!K66)/MAX(1E-9, G66),"") | J66: =IFERROR((CHAIN_RAW!S66-CHAIN_RAW!R66)/MAX(1E-9, H66),"") | K66: =CHAIN_RAW!G66 | L66: =CHAIN_RAW!N66 | M66: =IFERROR(L66-K66,"") | N66: =CHAIN_RAW!H66 | O66: =CHAIN_RAW!O66 | P66: =IFERROR(O66/N66,"") | Q66: =CHAIN_RAW!I66 | R66: =CHAIN_RAW!P66 | S66: =IFERROR(R66/Q66,"") | T66: =IFERROR((ABS(N66-O66)/MAX(1,(N66+O66)))*EXP(-ABS(E66-CONTROL!E5)/MAX(1,CONTROL!B8)),"") | U66: =IFERROR(IF(O66>N66,"SUPPORT (PE OI)","RESIST (CE OI)"),"") | V66: =IFERROR(IF(Q66>0,IF(R66>0,"BOTH_ADD","CE_ADD_PE_REDUCE"),IF(R66>0,"CE_REDUCE_PE_ADD","BOTH_REDUCE")),"") | W66: =IFERROR( (P66-1)*0.5 + (M66)*0.1 - (I66+J66)*0.05 + T66*0.4 ,"") | X66: =IFERROR(IF(ABS(F66)<0.01,"ATM/NEAR",""),"")
A67: =CHAIN_RAW!A67 | B67: =CHAIN_RAW!B67 | C67: =CHAIN_RAW!C67 | D67: =CHAIN_RAW!D67 | E67: =CHAIN_RAW!E67 | F67: =IFERROR((E67-D67)/D67,"") | G67: =IFERROR((CHAIN_RAW!K67+CHAIN_RAW!L67)/2,"") | H67: =IFERROR((CHAIN_RAW!R67+CHAIN_RAW!S67)/2,"") | I67: =IFERROR((CHAIN_RAW!L67-CHAIN_RAW!K67)/MAX(1E-9, G67),"") | J67: =IFERROR((CHAIN_RAW!S67-CHAIN_RAW!R67)/MAX(1E-9, H67),"") | K67: =CHAIN_RAW!G67 | L67: =CHAIN_RAW!N67 | M67: =IFERROR(L67-K67,"") | N67: =CHAIN_RAW!H67 | O67: =CHAIN_RAW!O67 | P67: =IFERROR(O67/N67,"") | Q67: =CHAIN_RAW!I67 | R67: =CHAIN_RAW!P67 | S67: =IFERROR(R67/Q67,"") | T67: =IFERROR((ABS(N67-O67)/MAX(1,(N67+O67)))*EXP(-ABS(E67-CONTROL!E5)/MAX(1,CONTROL!B8)),"") | U67: =IFERROR(IF(O67>N67,"SUPPORT (PE OI)","RESIST (CE OI)"),"") | V67: =IFERROR(IF(Q67>0,IF(R67>0,"BOTH_ADD","CE_ADD_PE_REDUCE"),IF(R67>0,"CE_REDUCE_PE_ADD","BOTH_REDUCE")),"") | W67: =IFERROR( (P67-1)*0.5 + (M67)*0.1 - (I67+J67)*0.05 + T67*0.4 ,"") | X67: =IFERROR(IF(ABS(F67)<0.01,"ATM/NEAR",""),"")
A68: =CHAIN_RAW!A68 | B68: =CHAIN_RAW!B68 | C68: =CHAIN_RAW!C68 | D68: =CHAIN_RAW!D68 | E68: =CHAIN_RAW!E68 | F68: =IFERROR((E68-D68)/D68,"") | G68: =IFERROR((CHAIN_RAW!K68+CHAIN_RAW!L68)/2,"") | H68: =IFERROR((CHAIN_RAW!R68+CHAIN_RAW!S68)/2,"") | I68: =IFERROR((CHAIN_RAW!L68-CHAIN_RAW!K68)/MAX(1E-9, G68),"") | J68: =IFERROR((CHAIN_RAW!S68-CHAIN_RAW!R68)/MAX(1E-9, H68),"") | K68: =CHAIN_RAW!G68 | L68: =CHAIN_RAW!N68 | M68: =IFERROR(L68-K68,"") | N68: =CHAIN_RAW!H68 | O68: =CHAIN_RAW!O68 | P68: =IFERROR(O68/N68,"") | Q68: =CHAIN_RAW!I68 | R68: =CHAIN_RAW!P68 | S68: =IFERROR(R68/Q68,"") | T68: =IFERROR((ABS(N68-O68)/MAX(1,(N68+O68)))*EXP(-ABS(E68-CONTROL!E5)/MAX(1,CONTROL!B8)),"") | U68: =IFERROR(IF(O68>N68,"SUPPORT (PE OI)","RESIST (CE OI)"),"") | V68: =IFERROR(IF(Q68>0,IF(R68>0,"BOTH_ADD","CE_ADD_PE_REDUCE"),IF(R68>0,"CE_REDUCE_PE_ADD","BOTH_REDUCE")),"") | W68: =IFERROR( (P68-1)*0.5 + (M68)*0.1 - (I68+J68)*0.05 + T68*0.4 ,"") | X68: =IFERROR(IF(ABS(F68)<0.01,"ATM/NEAR",""),"")
A69: =CHAIN_RAW!A69 | B69: =CHAIN_RAW!B69 | C69: =CHAIN_RAW!C69 | D69: =CHAIN_RAW!D69 | E69: =CHAIN_RAW!E69 | F69: =IFERROR((E69-D69)/D69,"") | G69: =IFERROR((CHAIN_RAW!K69+CHAIN_RAW!L69)/2,"") | H69: =IFERROR((CHAIN_RAW!R69+CHAIN_RAW!S69)/2,"") | I69: =IFERROR((CHAIN_RAW!L69-CHAIN_RAW!K69)/MAX(1E-9, G69),"") | J69: =IFERROR((CHAIN_RAW!S69-CHAIN_RAW!R69)/MAX(1E-9, H69),"") | K69: =CHAIN_RAW!G69 | L69: =CHAIN_RAW!N69 | M69: =IFERROR(L69-K69,"") | N69: =CHAIN_RAW!H69 | O69: =CHAIN_RAW!O69 | P69: =IFERROR(O69/N69,"") | Q69: =CHAIN_RAW!I69 | R69: =CHAIN_RAW!P69 | S69: =IFERROR(R69/Q69,"") | T69: =IFERROR((ABS(N69-O69)/MAX(1,(N69+O69)))*EXP(-ABS(E69-CONTROL!E5)/MAX(1,CONTROL!B8)),"") | U69: =IFERROR(IF(O69>N69,"SUPPORT (PE OI)","RESIST (CE OI)"),"") | V69: =IFERROR(IF(Q69>0,IF(R69>0,"BOTH_ADD","CE_ADD_PE_REDUCE"),IF(R69>0,"CE_REDUCE_PE_ADD","BOTH_REDUCE")),"") | W69: =IFERROR( (P69-1)*0.5 + (M69)*0.1 - (I69+J69)*0.05 + T69*0.4 ,"") | X69: =IFERROR(IF(ABS(F69)<0.01,"ATM/NEAR",""),"")
A70: =CHAIN_RAW!A70 | B70: =CHAIN_RAW!B70 | C70: =CHAIN_RAW!C70 | D70: =CHAIN_RAW!D70 | E70: =CHAIN_RAW!E70 | F70: =IFERROR((E70-D70)/D70,"") | G70: =IFERROR((CHAIN_RAW!K70+CHAIN_RAW!L70)/2,"") | H70: =IFERROR((CHAIN_RAW!R70+CHAIN_RAW!S70)/2,"") | I70: =IFERROR((CHAIN_RAW!L70-CHAIN_RAW!K70)/MAX(1E-9, G70),"") | J70: =IFERROR((CHAIN_RAW!S70-CHAIN_RAW!R70)/MAX(1E-9, H70),"") | K70: =CHAIN_RAW!G70 | L70: =CHAIN_RAW!N70 | M70: =IFERROR(L70-K70,"") | N70: =CHAIN_RAW!H70 | O70: =CHAIN_RAW!O70 | P70: =IFERROR(O70/N70,"") | Q70: =CHAIN_RAW!I70 | R70: =CHAIN_RAW!P70 | S70: =IFERROR(R70/Q70,"") | T70: =IFERROR((ABS(N70-O70)/MAX(1,(N70+O70)))*EXP(-ABS(E70-CONTROL!E5)/MAX(1,CONTROL!B8)),"") | U70: =IFERROR(IF(O70>N70,"SUPPORT (PE OI)","RESIST (CE OI)"),"") | V70: =IFERROR(IF(Q70>0,IF(R70>0,"BOTH_ADD","CE_ADD_PE_REDUCE"),IF(R70>0,"CE_REDUCE_PE_ADD","BOTH_REDUCE")),"") | W70: =IFERROR( (P70-1)*0.5 + (M70)*0.1 - (I70+J70)*0.05 + T70*0.4 ,"") | X70: =IFERROR(IF(ABS(F70)<0.01,"ATM/NEAR",""),"")
A71: =CHAIN_RAW!A71 | B71: =CHAIN_RAW!B71 | C71: =CHAIN_RAW!C71 | D71: =CHAIN_RAW!D71 | E71: =CHAIN_RAW!E71 | F71: =IFERROR((E71-D71)/D71,"") | G71: =IFERROR((CHAIN_RAW!K71+CHAIN_RAW!L71)/2,"") | H71: =IFERROR((CHAIN_RAW!R71+CHAIN_RAW!S71)/2,"") | I71: =IFERROR((CHAIN_RAW!L71-CHAIN_RAW!K71)/MAX(1E-9, G71),"") | J71: =IFERROR((CHAIN_RAW!S71-CHAIN_RAW!R71)/MAX(1E-9, H71),"") | K71: =CHAIN_RAW!G71 | L71: =CHAIN_RAW!N71 | M71: =IFERROR(L71-K71,"") | N71: =CHAIN_RAW!H71 | O71: =CHAIN_RAW!O71 | P71: =IFERROR(O71/N71,"") | Q71: =CHAIN_RAW!I71 | R71: =CHAIN_RAW!P71 | S71: =IFERROR(R71/Q71,"") | T71: =IFERROR((ABS(N71-O71)/MAX(1,(N71+O71)))*EXP(-ABS(E71-CONTROL!E5)/MAX(1,CONTROL!B8)),"") | U71: =IFERROR(IF(O71>N71,"SUPPORT (PE OI)","RESIST (CE OI)"),"") | V71: =IFERROR(IF(Q71>0,IF(R71>0,"BOTH_ADD","CE_ADD_PE_REDUCE"),IF(R71>0,"CE_REDUCE_PE_ADD","BOTH_REDUCE")),"") | W71: =IFERROR( (P71-1)*0.5 + (M71)*0.1 - (I71+J71)*0.05 + T71*0.4 ,"") | X71: =IFERROR(IF(ABS(F71)<0.01,"ATM/NEAR",""),"")
A72: =CHAIN_RAW!A72 | B72: =CHAIN_RAW!B72 | C72: =CHAIN_RAW!C72 | D72: =CHAIN_RAW!D72 | E72: =CHAIN_RAW!E72 | F72: =IFERROR((E72-D72)/D72,"") | G72: =IFERROR((CHAIN_RAW!K72+CHAIN_RAW!L72)/2,"") | H72: =IFERROR((CHAIN_RAW!R72+CHAIN_RAW!S72)/2,"") | I72: =IFERROR((CHAIN_RAW!L72-CHAIN_RAW!K72)/MAX(1E-9, G72),"") | J72: =IFERROR((CHAIN_RAW!S72-CHAIN_RAW!R72)/MAX(1E-9, H72),"") | K72: =CHAIN_RAW!G72 | L72: =CHAIN_RAW!N72 | M72: =IFERROR(L72-K72,"") | N72: =CHAIN_RAW!H72 | O72: =CHAIN_RAW!O72 | P72: =IFERROR(O72/N72,"") | Q72: =CHAIN_RAW!I72 | R72: =CHAIN_RAW!P72 | S72: =IFERROR(R72/Q72,"") | T72: =IFERROR((ABS(N72-O72)/MAX(1,(N72+O72)))*EXP(-ABS(E72-CONTROL!E5)/MAX(1,CONTROL!B8)),"") | U72: =IFERROR(IF(O72>N72,"SUPPORT (PE OI)","RESIST (CE OI)"),"") | V72: =IFERROR(IF(Q72>0,IF(R72>0,"BOTH_ADD","CE_ADD_PE_REDUCE"),IF(R72>0,"CE_REDUCE_PE_ADD","BOTH_REDUCE")),"") | W72: =IFERROR( (P72-1)*0.5 + (M72)*0.1 - (I72+J72)*0.05 + T72*0.4 ,"") | X72: =IFERROR(IF(ABS(F72)<0.01,"ATM/NEAR",""),"")
A73: =CHAIN_RAW!A73 | B73: =CHAIN_RAW!B73 | C73: =CHAIN_RAW!C73 | D73: =CHAIN_RAW!D73 | E73: =CHAIN_RAW!E73 | F73: =IFERROR((E73-D73)/D73,"") | G73: =IFERROR((CHAIN_RAW!K73+CHAIN_RAW!L73)/2,"") | H73: =IFERROR((CHAIN_RAW!R73+CHAIN_RAW!S73)/2,"") | I73: =IFERROR((CHAIN_RAW!L73-CHAIN_RAW!K73)/MAX(1E-9, G73),"") | J73: =IFERROR((CHAIN_RAW!S73-CHAIN_RAW!R73)/MAX(1E-9, H73),"") | K73: =CHAIN_RAW!G73 | L73: =CHAIN_RAW!N73 | M73: =IFERROR(L73-K73,"") | N73: =CHAIN_RAW!H73 | O73: =CHAIN_RAW!O73 | P73: =IFERROR(O73/N73,"") | Q73: =CHAIN_RAW!I73 | R73: =CHAIN_RAW!P73 | S73: =IFERROR(R73/Q73,"") | T73: =IFERROR((ABS(N73-O73)/MAX(1,(N73+O73)))*EXP(-ABS(E73-CONTROL!E5)/MAX(1,CONTROL!B8)),"") | U73: =IFERROR(IF(O73>N73,"SUPPORT (PE OI)","RESIST (CE OI)"),"") | V73: =IFERROR(IF(Q73>0,IF(R73>0,"BOTH_ADD","CE_ADD_PE_REDUCE"),IF(R73>0,"CE_REDUCE_PE_ADD","BOTH_REDUCE")),"") | W73: =IFERROR( (P73-1)*0.5 + (M73)*0.1 - (I73+J73)*0.05 + T73*0.4 ,"") | X73: =IFERROR(IF(ABS(F73)<0.01,"ATM/NEAR",""),"")
A74: =CHAIN_RAW!A74 | B74: =CHAIN_RAW!B74 | C74: =CHAIN_RAW!C74 | D74: =CHAIN_RAW!D74 | E74: =CHAIN_RAW!E74 | F74: =IFERROR((E74-D74)/D74,"") | G74: =IFERROR((CHAIN_RAW!K74+CHAIN_RAW!L74)/2,"") | H74: =IFERROR((CHAIN_RAW!R74+CHAIN_RAW!S74)/2,"") | I74: =IFERROR((CHAIN_RAW!L74-CHAIN_RAW!K74)/MAX(1E-9, G74),"") | J74: =IFERROR((CHAIN_RAW!S74-CHAIN_RAW!R74)/MAX(1E-9, H74),"") | K74: =CHAIN_RAW!G74 | L74: =CHAIN_RAW!N74 | M74: =IFERROR(L74-K74,"") | N74: =CHAIN_RAW!H74 | O74: =CHAIN_RAW!O74 | P74: =IFERROR(O74/N74,"") | Q74: =CHAIN_RAW!I74 | R74: =CHAIN_RAW!P74 | S74: =IFERROR(R74/Q74,"") | T74: =IFERROR((ABS(N74-O74)/MAX(1,(N74+O74)))*EXP(-ABS(E74-CONTROL!E5)/MAX(1,CONTROL!B8)),"") | U74: =IFERROR(IF(O74>N74,"SUPPORT (PE OI)","RESIST (CE OI)"),"") | V74: =IFERROR(IF(Q74>0,IF(R74>0,"BOTH_ADD","CE_ADD_PE_REDUCE"),IF(R74>0,"CE_REDUCE_PE_ADD","BOTH_REDUCE")),"") | W74: =IFERROR( (P74-1)*0.5 + (M74)*0.1 - (I74+J74)*0.05 + T74*0.4 ,"") | X74: =IFERROR(IF(ABS(F74)<0.01,"ATM/NEAR",""),"")
A75: =CHAIN_RAW!A75 | B75: =CHAIN_RAW!B75 | C75: =CHAIN_RAW!C75 | D75: =CHAIN_RAW!D75 | E75: =CHAIN_RAW!E75 | F75: =IFERROR((E75-D75)/D75,"") | G75: =IFERROR((CHAIN_RAW!K75+CHAIN_RAW!L75)/2,"") | H75: =IFERROR((CHAIN_RAW!R75+CHAIN_RAW!S75)/2,"") | I75: =IFERROR((CHAIN_RAW!L75-CHAIN_RAW!K75)/MAX(1E-9, G75),"") | J75: =IFERROR((CHAIN_RAW!S75-CHAIN_RAW!R75)/MAX(1E-9, H75),"") | K75: =CHAIN_RAW!G75 | L75: =CHAIN_RAW!N75 | M75: =IFERROR(L75-K75,"") | N75: =CHAIN_RAW!H75 | O75: =CHAIN_RAW!O75 | P75: =IFERROR(O75/N75,"") | Q75: =CHAIN_RAW!I75 | R75: =CHAIN_RAW!P75 | S75: =IFERROR(R75/Q75,"") | T75: =IFERROR((ABS(N75-O75)/MAX(1,(N75+O75)))*EXP(-ABS(E75-CONTROL!E5)/MAX(1,CONTROL!B8)),"") | U75: =IFERROR(IF(O75>N75,"SUPPORT (PE OI)","RESIST (CE OI)"),"") | V75: =IFERROR(IF(Q75>0,IF(R75>0,"BOTH_ADD","CE_ADD_PE_REDUCE"),IF(R75>0,"CE_REDUCE_PE_ADD","BOTH_REDUCE")),"") | W75: =IFERROR( (P75-1)*0.5 + (M75)*0.1 - (I75+J75)*0.05 + T75*0.4 ,"") | X75: =IFERROR(IF(ABS(F75)<0.01,"ATM/NEAR",""),"")
A76: =CHAIN_RAW!A76 | B76: =CHAIN_RAW!B76 | C76: =CHAIN_RAW!C76 | D76: =CHAIN_RAW!D76 | E76: =CHAIN_RAW!E76 | F76: =IFERROR((E76-D76)/D76,"") | G76: =IFERROR((CHAIN_RAW!K76+CHAIN_RAW!L76)/2,"") | H76: =IFERROR((CHAIN_RAW!R76+CHAIN_RAW!S76)/2,"") | I76: =IFERROR((CHAIN_RAW!L76-CHAIN_RAW!K76)/MAX(1E-9, G76),"") | J76: =IFERROR((CHAIN_RAW!S76-CHAIN_RAW!R76)/MAX(1E-9, H76),"") | K76: =CHAIN_RAW!G76 | L76: =CHAIN_RAW!N76 | M76: =IFERROR(L76-K76,"") | N76: =CHAIN_RAW!H76 | O76: =CHAIN_RAW!O76 | P76: =IFERROR(O76/N76,"") | Q76: =CHAIN_RAW!I76 | R76: =CHAIN_RAW!P76 | S76: =IFERROR(R76/Q76,"") | T76: =IFERROR((ABS(N76-O76)/MAX(1,(N76+O76)))*EXP(-ABS(E76-CONTROL!E5)/MAX(1,CONTROL!B8)),"") | U76: =IFERROR(IF(O76>N76,"SUPPORT (PE OI)","RESIST (CE OI)"),"") | V76: =IFERROR(IF(Q76>0,IF(R76>0,"BOTH_ADD","CE_ADD_PE_REDUCE"),IF(R76>0,"CE_REDUCE_PE_ADD","BOTH_REDUCE")),"") | W76: =IFERROR( (P76-1)*0.5 + (M76)*0.1 - (I76+J76)*0.05 + T76*0.4 ,"") | X76: =IFERROR(IF(ABS(F76)<0.01,"ATM/NEAR",""),"")
A77: =CHAIN_RAW!A77 | B77: =CHAIN_RAW!B77 | C77: =CHAIN_RAW!C77 | D77: =CHAIN_RAW!D77 | E77: =CHAIN_RAW!E77 | F77: =IFERROR((E77-D77)/D77,"") | G77: =IFERROR((CHAIN_RAW!K77+CHAIN_RAW!L77)/2,"") | H77: =IFERROR((CHAIN_RAW!R77+CHAIN_RAW!S77)/2,"") | I77: =IFERROR((CHAIN_RAW!L77-CHAIN_RAW!K77)/MAX(1E-9, G77),"") | J77: =IFERROR((CHAIN_RAW!S77-CHAIN_RAW!R77)/MAX(1E-9, H77),"") | K77: =CHAIN_RAW!G77 | L77: =CHAIN_RAW!N77 | M77: =IFERROR(L77-K77,"") | N77: =CHAIN_RAW!H77 | O77: =CHAIN_RAW!O77 | P77: =IFERROR(O77/N77,"") | Q77: =CHAIN_RAW!I77 | R77: =CHAIN_RAW!P77 | S77: =IFERROR(R77/Q77,"") | T77: =IFERROR((ABS(N77-O77)/MAX(1,(N77+O77)))*EXP(-ABS(E77-CONTROL!E5)/MAX(1,CONTROL!B8)),"") | U77: =IFERROR(IF(O77>N77,"SUPPORT (PE OI)","RESIST (CE OI)"),"") | V77: =IFERROR(IF(Q77>0,IF(R77>0,"BOTH_ADD","CE_ADD_PE_REDUCE"),IF(R77>0,"CE_REDUCE_PE_ADD","BOTH_REDUCE")),"") | W77: =IFERROR( (P77-1)*0.5 + (M77)*0.1 - (I77+J77)*0.05 + T77*0.4 ,"") | X77: =IFERROR(IF(ABS(F77)<0.01,"ATM/NEAR",""),"")
A78: =CHAIN_RAW!A78 | B78: =CHAIN_RAW!B78 | C78: =CHAIN_RAW!C78 | D78: =CHAIN_RAW!D78 | E78: =CHAIN_RAW!E78 | F78: =IFERROR((E78-D78)/D78,"") | G78: =IFERROR((CHAIN_RAW!K78+CHAIN_RAW!L78)/2,"") | H78: =IFERROR((CHAIN_RAW!R78+CHAIN_RAW!S78)/2,"") | I78: =IFERROR((CHAIN_RAW!L78-CHAIN_RAW!K78)/MAX(1E-9, G78),"") | J78: =IFERROR((CHAIN_RAW!S78-CHAIN_RAW!R78)/MAX(1E-9, H78),"") | K78: =CHAIN_RAW!G78 | L78: =CHAIN_RAW!N78 | M78: =IFERROR(L78-K78,"") | N78: =CHAIN_RAW!H78 | O78: =CHAIN_RAW!O78 | P78: =IFERROR(O78/N78,"") | Q78: =CHAIN_RAW!I78 | R78: =CHAIN_RAW!P78 | S78: =IFERROR(R78/Q78,"") | T78: =IFERROR((ABS(N78-O78)/MAX(1,(N78+O78)))*EXP(-ABS(E78-CONTROL!E5)/MAX(1,CONTROL!B8)),"") | U78: =IFERROR(IF(O78>N78,"SUPPORT (PE OI)","RESIST (CE OI)"),"") | V78: =IFERROR(IF(Q78>0,IF(R78>0,"BOTH_ADD","CE_ADD_PE_REDUCE"),IF(R78>0,"CE_REDUCE_PE_ADD","BOTH_REDUCE")),"") | W78: =IFERROR( (P78-1)*0.5 + (M78)*0.1 - (I78+J78)*0.05 + T78*0.4 ,"") | X78: =IFERROR(IF(ABS(F78)<0.01,"ATM/NEAR",""),"")
A79: =CHAIN_RAW!A79 | B79: =CHAIN_RAW!B79 | C79: =CHAIN_RAW!C79 | D79: =CHAIN_RAW!D79 | E79: =CHAIN_RAW!E79 | F79: =IFERROR((E79-D79)/D79,"") | G79: =IFERROR((CHAIN_RAW!K79+CHAIN_RAW!L79)/2,"") | H79: =IFERROR((CHAIN_RAW!R79+CHAIN_RAW!S79)/2,"") | I79: =IFERROR((CHAIN_RAW!L79-CHAIN_RAW!K79)/MAX(1E-9, G79),"") | J79: =IFERROR((CHAIN_RAW!S79-CHAIN_RAW!R79)/MAX(1E-9, H79),"") | K79: =CHAIN_RAW!G79 | L79: =CHAIN_RAW!N79 | M79: =IFERROR(L79-K79,"") | N79: =CHAIN_RAW!H79 | O79: =CHAIN_RAW!O79 | P79: =IFERROR(O79/N79,"") | Q79: =CHAIN_RAW!I79 | R79: =CHAIN_RAW!P79 | S79: =IFERROR(R79/Q79,"") | T79: =IFERROR((ABS(N79-O79)/MAX(1,(N79+O79)))*EXP(-ABS(E79-CONTROL!E5)/MAX(1,CONTROL!B8)),"") | U79: =IFERROR(IF(O79>N79,"SUPPORT (PE OI)","RESIST (CE OI)"),"") | V79: =IFERROR(IF(Q79>0,IF(R79>0,"BOTH_ADD","CE_ADD_PE_REDUCE"),IF(R79>0,"CE_REDUCE_PE_ADD","BOTH_REDUCE")),"") | W79: =IFERROR( (P79-1)*0.5 + (M79)*0.1 - (I79+J79)*0.05 + T79*0.4 ,"") | X79: =IFERROR(IF(ABS(F79)<0.01,"ATM/NEAR",""),"")
A80: =CHAIN_RAW!A80 | B80: =CHAIN_RAW!B80 | C80: =CHAIN_RAW!C80 | D80: =CHAIN_RAW!D80 | E80: =CHAIN_RAW!E80 | F80: =IFERROR((E80-D80)/D80,"") | G80: =IFERROR((CHAIN_RAW!K80+CHAIN_RAW!L80)/2,"") | H80: =IFERROR((CHAIN_RAW!R80+CHAIN_RAW!S80)/2,"") | I80: =IFERROR((CHAIN_RAW!L80-CHAIN_RAW!K80)/MAX(1E-9, G80),"") | J80: =IFERROR((CHAIN_RAW!S80-CHAIN_RAW!R80)/MAX(1E-9, H80),"") | K80: =CHAIN_RAW!G80 | L80: =CHAIN_RAW!N80 | M80: =IFERROR(L80-K80,"") | N80: =CHAIN_RAW!H80 | O80: =CHAIN_RAW!O80 | P80: =IFERROR(O80/N80,"") | Q80: =CHAIN_RAW!I80 | R80: =CHAIN_RAW!P80 | S80: =IFERROR(R80/Q80,"") | T80: =IFERROR((ABS(N80-O80)/MAX(1,(N80+O80)))*EXP(-ABS(E80-CONTROL!E5)/MAX(1,CONTROL!B8)),"") | U80: =IFERROR(IF(O80>N80,"SUPPORT (PE OI)","RESIST (CE OI)"),"") | V80: =IFERROR(IF(Q80>0,IF(R80>0,"BOTH_ADD","CE_ADD_PE_REDUCE"),IF(R80>0,"CE_REDUCE_PE_ADD","BOTH_REDUCE")),"") | W80: =IFERROR( (P80-1)*0.5 + (M80)*0.1 - (I80+J80)*0.05 + T80*0.4 ,"") | X80: =IFERROR(IF(ABS(F80)<0.01,"ATM/NEAR",""),"")
A81: =CHAIN_RAW!A81 | B81: =CHAIN_RAW!B81 | C81: =CHAIN_RAW!C81 | D81: =CHAIN_RAW!D81 | E81: =CHAIN_RAW!E81 | F81: =IFERROR((E81-D81)/D81,"") | G81: =IFERROR((CHAIN_RAW!K81+CHAIN_RAW!L81)/2,"") | H81: =IFERROR((CHAIN_RAW!R81+CHAIN_RAW!S81)/2,"") | I81: =IFERROR((CHAIN_RAW!L81-CHAIN_RAW!K81)/MAX(1E-9, G81),"") | J81: =IFERROR((CHAIN_RAW!S81-CHAIN_RAW!R81)/MAX(1E-9, H81),"") | K81: =CHAIN_RAW!G81 | L81: =CHAIN_RAW!N81 | M81: =IFERROR(L81-K81,"") | N81: =CHAIN_RAW!H81 | O81: =CHAIN_RAW!O81 | P81: =IFERROR(O81/N81,"") | Q81: =CHAIN_RAW!I81 | R81: =CHAIN_RAW!P81 | S81: =IFERROR(R81/Q81,"") | T81: =IFERROR((ABS(N81-O81)/MAX(1,(N81+O81)))*EXP(-ABS(E81-CONTROL!E5)/MAX(1,CONTROL!B8)),"") | U81: =IFERROR(IF(O81>N81,"SUPPORT (PE OI)","RESIST (CE OI)"),"") | V81: =IFERROR(IF(Q81>0,IF(R81>0,"BOTH_ADD","CE_ADD_PE_REDUCE"),IF(R81>0,"CE_REDUCE_PE_ADD","BOTH_REDUCE")),"") | W81: =IFERROR( (P81-1)*0.5 + (M81)*0.1 - (I81+J81)*0.05 + T81*0.4 ,"") | X81: =IFERROR(IF(ABS(F81)<0.01,"ATM/NEAR",""),"")
A82: =CHAIN_RAW!A82 | B82: =CHAIN_RAW!B82 | C82: =CHAIN_RAW!C82 | D82: =CHAIN_RAW!D82 | E82: =CHAIN_RAW!E82 | F82: =IFERROR((E82-D82)/D82,"") | G82: =IFERROR((CHAIN_RAW!K82+CHAIN_RAW!L82)/2,"") | H82: =IFERROR((CHAIN_RAW!R82+CHAIN_RAW!S82)/2,"") | I82: =IFERROR((CHAIN_RAW!L82-CHAIN_RAW!K82)/MAX(1E-9, G82),"") | J82: =IFERROR((CHAIN_RAW!S82-CHAIN_RAW!R82)/MAX(1E-9, H82),"") | K82: =CHAIN_RAW!G82 | L82: =CHAIN_RAW!N82 | M82: =IFERROR(L82-K82,"") | N82: =CHAIN_RAW!H82 | O82: =CHAIN_RAW!O82 | P82: =IFERROR(O82/N82,"") | Q82: =CHAIN_RAW!I82 | R82: =CHAIN_RAW!P82 | S82: =IFERROR(R82/Q82,"") | T82: =IFERROR((ABS(N82-O82)/MAX(1,(N82+O82)))*EXP(-ABS(E82-CONTROL!E5)/MAX(1,CONTROL!B8)),"") | U82: =IFERROR(IF(O82>N82,"SUPPORT (PE OI)","RESIST (CE OI)"),"") | V82: =IFERROR(IF(Q82>0,IF(R82>0,"BOTH_ADD","CE_ADD_PE_REDUCE"),IF(R82>0,"CE_REDUCE_PE_ADD","BOTH_REDUCE")),"") | W82: =IFERROR( (P82-1)*0.5 + (M82)*0.1 - (I82+J82)*0.05 + T82*0.4 ,"") | X82: =IFERROR(IF(ABS(F82)<0.01,"ATM/NEAR",""),"")
A83: =CHAIN_RAW!A83 | B83: =CHAIN_RAW!B83 | C83: =CHAIN_RAW!C83 | D83: =CHAIN_RAW!D83 | E83: =CHAIN_RAW!E83 | F83: =IFERROR((E83-D83)/D83,"") | G83: =IFERROR((CHAIN_RAW!K83+CHAIN_RAW!L83)/2,"") | H83: =IFERROR((CHAIN_RAW!R83+CHAIN_RAW!S83)/2,"") | I83: =IFERROR((CHAIN_RAW!L83-CHAIN_RAW!K83)/MAX(1E-9, G83),"") | J83: =IFERROR((CHAIN_RAW!S83-CHAIN_RAW!R83)/MAX(1E-9, H83),"") | K83: =CHAIN_RAW!G83 | L83: =CHAIN_RAW!N83 | M83: =IFERROR(L83-K83,"") | N83: =CHAIN_RAW!H83 | O83: =CHAIN_RAW!O83 | P83: =IFERROR(O83/N83,"") | Q83: =CHAIN_RAW!I83 | R83: =CHAIN_RAW!P83 | S83: =IFERROR(R83/Q83,"") | T83: =IFERROR((ABS(N83-O83)/MAX(1,(N83+O83)))*EXP(-ABS(E83-CONTROL!E5)/MAX(1,CONTROL!B8)),"") | U83: =IFERROR(IF(O83>N83,"SUPPORT (PE OI)","RESIST (CE OI)"),"") | V83: =IFERROR(IF(Q83>0,IF(R83>0,"BOTH_ADD","CE_ADD_PE_REDUCE"),IF(R83>0,"CE_REDUCE_PE_ADD","BOTH_REDUCE")),"") | W83: =IFERROR( (P83-1)*0.5 + (M83)*0.1 - (I83+J83)*0.05 + T83*0.4 ,"") | X83: =IFERROR(IF(ABS(F83)<0.01,"ATM/NEAR",""),"")
A84: =CHAIN_RAW!A84 | B84: =CHAIN_RAW!B84 | C84: =CHAIN_RAW!C84 | D84: =CHAIN_RAW!D84 | E84: =CHAIN_RAW!E84 | F84: =IFERROR((E84-D84)/D84,"") | G84: =IFERROR((CHAIN_RAW!K84+CHAIN_RAW!L84)/2,"") | H84: =IFERROR((CHAIN_RAW!R84+CHAIN_RAW!S84)/2,"") | I84: =IFERROR((CHAIN_RAW!L84-CHAIN_RAW!K84)/MAX(1E-9, G84),"") | J84: =IFERROR((CHAIN_RAW!S84-CHAIN_RAW!R84)/MAX(1E-9, H84),"") | K84: =CHAIN_RAW!G84 | L84: =CHAIN_RAW!N84 | M84: =IFERROR(L84-K84,"") | N84: =CHAIN_RAW!H84 | O84: =CHAIN_RAW!O84 | P84: =IFERROR(O84/N84,"") | Q84: =CHAIN_RAW!I84 | R84: =CHAIN_RAW!P84 | S84: =IFERROR(R84/Q84,"") | T84: =IFERROR((ABS(N84-O84)/MAX(1,(N84+O84)))*EXP(-ABS(E84-CONTROL!E5)/MAX(1,CONTROL!B8)),"") | U84: =IFERROR(IF(O84>N84,"SUPPORT (PE OI)","RESIST (CE OI)"),"") | V84: =IFERROR(IF(Q84>0,IF(R84>0,"BOTH_ADD","CE_ADD_PE_REDUCE"),IF(R84>0,"CE_REDUCE_PE_ADD","BOTH_REDUCE")),"") | W84: =IFERROR( (P84-1)*0.5 + (M84)*0.1 - (I84+J84)*0.05 + T84*0.4 ,"") | X84: =IFERROR(IF(ABS(F84)<0.01,"ATM/NEAR",""),"")
A85: =CHAIN_RAW!A85 | B85: =CHAIN_RAW!B85 | C85: =CHAIN_RAW!C85 | D85: =CHAIN_RAW!D85 | E85: =CHAIN_RAW!E85 | F85: =IFERROR((E85-D85)/D85,"") | G85: =IFERROR((CHAIN_RAW!K85+CHAIN_RAW!L85)/2,"") | H85: =IFERROR((CHAIN_RAW!R85+CHAIN_RAW!S85)/2,"") | I85: =IFERROR((CHAIN_RAW!L85-CHAIN_RAW!K85)/MAX(1E-9, G85),"") | J85: =IFERROR((CHAIN_RAW!S85-CHAIN_RAW!R85)/MAX(1E-9, H85),"") | K85: =CHAIN_RAW!G85 | L85: =CHAIN_RAW!N85 | M85: =IFERROR(L85-K85,"") | N85: =CHAIN_RAW!H85 | O85: =CHAIN_RAW!O85 | P85: =IFERROR(O85/N85,"") | Q85: =CHAIN_RAW!I85 | R85: =CHAIN_RAW!P85 | S85: =IFERROR(R85/Q85,"") | T85: =IFERROR((ABS(N85-O85)/MAX(1,(N85+O85)))*EXP(-ABS(E85-CONTROL!E5)/MAX(1,CONTROL!B8)),"") | U85: =IFERROR(IF(O85>N85,"SUPPORT (PE OI)","RESIST (CE OI)"),"") | V85: =IFERROR(IF(Q85>0,IF(R85>0,"BOTH_ADD","CE_ADD_PE_REDUCE"),IF(R85>0,"CE_REDUCE_PE_ADD","BOTH_REDUCE")),"") | W85: =IFERROR( (P85-1)*0.5 + (M85)*0.1 - (I85+J85)*0.05 + T85*0.4 ,"") | X85: =IFERROR(IF(ABS(F85)<0.01,"ATM/NEAR",""),"")
A86: =CHAIN_RAW!A86 | B86: =CHAIN_RAW!B86 | C86: =CHAIN_RAW!C86 | D86: =CHAIN_RAW!D86 | E86: =CHAIN_RAW!E86 | F86: =IFERROR((E86-D86)/D86,"") | G86: =IFERROR((CHAIN_RAW!K86+CHAIN_RAW!L86)/2,"") | H86: =IFERROR((CHAIN_RAW!R86+CHAIN_RAW!S86)/2,"") | I86: =IFERROR((CHAIN_RAW!L86-CHAIN_RAW!K86)/MAX(1E-9, G86),"") | J86: =IFERROR((CHAIN_RAW!S86-CHAIN_RAW!R86)/MAX(1E-9, H86),"") | K86: =CHAIN_RAW!G86 | L86: =CHAIN_RAW!N86 | M86: =IFERROR(L86-K86,"") | N86: =CHAIN_RAW!H86 | O86: =CHAIN_RAW!O86 | P86: =IFERROR(O86/N86,"") | Q86: =CHAIN_RAW!I86 | R86: =CHAIN_RAW!P86 | S86: =IFERROR(R86/Q86,"") | T86: =IFERROR((ABS(N86-O86)/MAX(1,(N86+O86)))*EXP(-ABS(E86-CONTROL!E5)/MAX(1,CONTROL!B8)),"") | U86: =IFERROR(IF(O86>N86,"SUPPORT (PE OI)","RESIST (CE OI)"),"") | V86: =IFERROR(IF(Q86>0,IF(R86>0,"BOTH_ADD","CE_ADD_PE_REDUCE"),IF(R86>0,"CE_REDUCE_PE_ADD","BOTH_REDUCE")),"") | W86: =IFERROR( (P86-1)*0.5 + (M86)*0.1 - (I86+J86)*0.05 + T86*0.4 ,"") | X86: =IFERROR(IF(ABS(F86)<0.01,"ATM/NEAR",""),"")
A87: =CHAIN_RAW!A87 | B87: =CHAIN_RAW!B87 | C87: =CHAIN_RAW!C87 | D87: =CHAIN_RAW!D87 | E87: =CHAIN_RAW!E87 | F87: =IFERROR((E87-D87)/D87,"") | G87: =IFERROR((CHAIN_RAW!K87+CHAIN_RAW!L87)/2,"") | H87: =IFERROR((CHAIN_RAW!R87+CHAIN_RAW!S87)/2,"") | I87: =IFERROR((CHAIN_RAW!L87-CHAIN_RAW!K87)/MAX(1E-9, G87),"") | J87: =IFERROR((CHAIN_RAW!S87-CHAIN_RAW!R87)/MAX(1E-9, H87),"") | K87: =CHAIN_RAW!G87 | L87: =CHAIN_RAW!N87 | M87: =IFERROR(L87-K87,"") | N87: =CHAIN_RAW!H87 | O87: =CHAIN_RAW!O87 | P87: =IFERROR(O87/N87,"") | Q87: =CHAIN_RAW!I87 | R87: =CHAIN_RAW!P87 | S87: =IFERROR(R87/Q87,"") | T87: =IFERROR((ABS(N87-O87)/MAX(1,(N87+O87)))*EXP(-ABS(E87-CONTROL!E5)/MAX(1,CONTROL!B8)),"") | U87: =IFERROR(IF(O87>N87,"SUPPORT (PE OI)","RESIST (CE OI)"),"") | V87: =IFERROR(IF(Q87>0,IF(R87>0,"BOTH_ADD","CE_ADD_PE_REDUCE"),IF(R87>0,"CE_REDUCE_PE_ADD","BOTH_REDUCE")),"") | W87: =IFERROR( (P87-1)*0.5 + (M87)*0.1 - (I87+J87)*0.05 + T87*0.4 ,"") | X87: =IFERROR(IF(ABS(F87)<0.01,"ATM/NEAR",""),"")
A88: =CHAIN_RAW!A88 | B88: =CHAIN_RAW!B88 | C88: =CHAIN_RAW!C88 | D88: =CHAIN_RAW!D88 | E88: =CHAIN_RAW!E88 | F88: =IFERROR((E88-D88)/D88,"") | G88: =IFERROR((CHAIN_RAW!K88+CHAIN_RAW!L88)/2,"") | H88: =IFERROR((CHAIN_RAW!R88+CHAIN_RAW!S88)/2,"") | I88: =IFERROR((CHAIN_RAW!L88-CHAIN_RAW!K88)/MAX(1E-9, G88),"") | J88: =IFERROR((CHAIN_RAW!S88-CHAIN_RAW!R88)/MAX(1E-9, H88),"") | K88: =CHAIN_RAW!G88 | L88: =CHAIN_RAW!N88 | M88: =IFERROR(L88-K88,"") | N88: =CHAIN_RAW!H88 | O88: =CHAIN_RAW!O88 | P88: =IFERROR(O88/N88,"") | Q88: =CHAIN_RAW!I88 | R88: =CHAIN_RAW!P88 | S88: =IFERROR(R88/Q88,"") | T88: =IFERROR((ABS(N88-O88)/MAX(1,(N88+O88)))*EXP(-ABS(E88-CONTROL!E5)/MAX(1,CONTROL!B8)),"") | U88: =IFERROR(IF(O88>N88,"SUPPORT (PE OI)","RESIST (CE OI)"),"") | V88: =IFERROR(IF(Q88>0,IF(R88>0,"BOTH_ADD","CE_ADD_PE_REDUCE"),IF(R88>0,"CE_REDUCE_PE_ADD","BOTH_REDUCE")),"") | W88: =IFERROR( (P88-1)*0.5 + (M88)*0.1 - (I88+J88)*0.05 + T88*0.4 ,"") | X88: =IFERROR(IF(ABS(F88)<0.01,"ATM/NEAR",""),"")
A89: =CHAIN_RAW!A89 | B89: =CHAIN_RAW!B89 | C89: =CHAIN_RAW!C89 | D89: =CHAIN_RAW!D89 | E89: =CHAIN_RAW!E89 | F89: =IFERROR((E89-D89)/D89,"") | G89: =IFERROR((CHAIN_RAW!K89+CHAIN_RAW!L89)/2,"") | H89: =IFERROR((CHAIN_RAW!R89+CHAIN_RAW!S89)/2,"") | I89: =IFERROR((CHAIN_RAW!L89-CHAIN_RAW!K89)/MAX(1E-9, G89),"") | J89: =IFERROR((CHAIN_RAW!S89-CHAIN_RAW!R89)/MAX(1E-9, H89),"") | K89: =CHAIN_RAW!G89 | L89: =CHAIN_RAW!N89 | M89: =IFERROR(L89-K89,"") | N89: =CHAIN_RAW!H89 | O89: =CHAIN_RAW!O89 | P89: =IFERROR(O89/N89,"") | Q89: =CHAIN_RAW!I89 | R89: =CHAIN_RAW!P89 | S89: =IFERROR(R89/Q89,"") | T89: =IFERROR((ABS(N89-O89)/MAX(1,(N89+O89)))*EXP(-ABS(E89-CONTROL!E5)/MAX(1,CONTROL!B8)),"") | U89: =IFERROR(IF(O89>N89,"SUPPORT (PE OI)","RESIST (CE OI)"),"") | V89: =IFERROR(IF(Q89>0,IF(R89>0,"BOTH_ADD","CE_ADD_PE_REDUCE"),IF(R89>0,"CE_REDUCE_PE_ADD","BOTH_REDUCE")),"") | W89: =IFERROR( (P89-1)*0.5 + (M89)*0.1 - (I89+J89)*0.05 + T89*0.4 ,"") | X89: =IFERROR(IF(ABS(F89)<0.01,"ATM/NEAR",""),"")
A90: =CHAIN_RAW!A90 | B90: =CHAIN_RAW!B90 | C90: =CHAIN_RAW!C90 | D90: =CHAIN_RAW!D90 | E90: =CHAIN_RAW!E90 | F90: =IFERROR((E90-D90)/D90,"") | G90: =IFERROR((CHAIN_RAW!K90+CHAIN_RAW!L90)/2,"") | H90: =IFERROR((CHAIN_RAW!R90+CHAIN_RAW!S90)/2,"") | I90: =IFERROR((CHAIN_RAW!L90-CHAIN_RAW!K90)/MAX(1E-9, G90),"") | J90: =IFERROR((CHAIN_RAW!S90-CHAIN_RAW!R90)/MAX(1E-9, H90),"") | K90: =CHAIN_RAW!G90 | L90: =CHAIN_RAW!N90 | M90: =IFERROR(L90-K90,"") | N90: =CHAIN_RAW!H90 | O90: =CHAIN_RAW!O90 | P90: =IFERROR(O90/N90,"") | Q90: =CHAIN_RAW!I90 | R90: =CHAIN_RAW!P90 | S90: =IFERROR(R90/Q90,"") | T90: =IFERROR((ABS(N90-O90)/MAX(1,(N90+O90)))*EXP(-ABS(E90-CONTROL!E5)/MAX(1,CONTROL!B8)),"") | U90: =IFERROR(IF(O90>N90,"SUPPORT (PE OI)","RESIST (CE OI)"),"") | V90: =IFERROR(IF(Q90>0,IF(R90>0,"BOTH_ADD","CE_ADD_PE_REDUCE"),IF(R90>0,"CE_REDUCE_PE_ADD","BOTH_REDUCE")),"") | W90: =IFERROR( (P90-1)*0.5 + (M90)*0.1 - (I90+J90)*0.05 + T90*0.4 ,"") | X90: =IFERROR(IF(ABS(F90)<0.01,"ATM/NEAR",""),"")
A91: =CHAIN_RAW!A91 | B91: =CHAIN_RAW!B91 | C91: =CHAIN_RAW!C91 | D91: =CHAIN_RAW!D91 | E91: =CHAIN_RAW!E91 | F91: =IFERROR((E91-D91)/D91,"") | G91: =IFERROR((CHAIN_RAW!K91+CHAIN_RAW!L91)/2,"") | H91: =IFERROR((CHAIN_RAW!R91+CHAIN_RAW!S91)/2,"") | I91: =IFERROR((CHAIN_RAW!L91-CHAIN_RAW!K91)/MAX(1E-9, G91),"") | J91: =IFERROR((CHAIN_RAW!S91-CHAIN_RAW!R91)/MAX(1E-9, H91),"") | K91: =CHAIN_RAW!G91 | L91: =CHAIN_RAW!N91 | M91: =IFERROR(L91-K91,"") | N91: =CHAIN_RAW!H91 | O91: =CHAIN_RAW!O91 | P91: =IFERROR(O91/N91,"") | Q91: =CHAIN_RAW!I91 | R91: =CHAIN_RAW!P91 | S91: =IFERROR(R91/Q91,"") | T91: =IFERROR((ABS(N91-O91)/MAX(1,(N91+O91)))*EXP(-ABS(E91-CONTROL!E5)/MAX(1,CONTROL!B8)),"") | U91: =IFERROR(IF(O91>N91,"SUPPORT (PE OI)","RESIST (CE OI)"),"") | V91: =IFERROR(IF(Q91>0,IF(R91>0,"BOTH_ADD","CE_ADD_PE_REDUCE"),IF(R91>0,"CE_REDUCE_PE_ADD","BOTH_REDUCE")),"") | W91: =IFERROR( (P91-1)*0.5 + (M91)*0.1 - (I91+J91)*0.05 + T91*0.4 ,"") | X91: =IFERROR(IF(ABS(F91)<0.01,"ATM/NEAR",""),"")
A92: =CHAIN_RAW!A92 | B92: =CHAIN_RAW!B92 | C92: =CHAIN_RAW!C92 | D92: =CHAIN_RAW!D92 | E92: =CHAIN_RAW!E92 | F92: =IFERROR((E92-D92)/D92,"") | G92: =IFERROR((CHAIN_RAW!K92+CHAIN_RAW!L92)/2,"") | H92: =IFERROR((CHAIN_RAW!R92+CHAIN_RAW!S92)/2,"") | I92: =IFERROR((CHAIN_RAW!L92-CHAIN_RAW!K92)/MAX(1E-9, G92),"") | J92: =IFERROR((CHAIN_RAW!S92-CHAIN_RAW!R92)/MAX(1E-9, H92),"") | K92: =CHAIN_RAW!G92 | L92: =CHAIN_RAW!N92 | M92: =IFERROR(L92-K92,"") | N92: =CHAIN_RAW!H92 | O92: =CHAIN_RAW!O92 | P92: =IFERROR(O92/N92,"") | Q92: =CHAIN_RAW!I92 | R92: =CHAIN_RAW!P92 | S92: =IFERROR(R92/Q92,"") | T92: =IFERROR((ABS(N92-O92)/MAX(1,(N92+O92)))*EXP(-ABS(E92-CONTROL!E5)/MAX(1,CONTROL!B8)),"") | U92: =IFERROR(IF(O92>N92,"SUPPORT (PE OI)","RESIST (CE OI)"),"") | V92: =IFERROR(IF(Q92>0,IF(R92>0,"BOTH_ADD","CE_ADD_PE_REDUCE"),IF(R92>0,"CE_REDUCE_PE_ADD","BOTH_REDUCE")),"") | W92: =IFERROR( (P92-1)*0.5 + (M92)*0.1 - (I92+J92)*0.05 + T92*0.4 ,"") | X92: =IFERROR(IF(ABS(F92)<0.01,"ATM/NEAR",""),"")
A93: =CHAIN_RAW!A93 | B93: =CHAIN_RAW!B93 | C93: =CHAIN_RAW!C93 | D93: =CHAIN_RAW!D93 | E93: =CHAIN_RAW!E93 | F93: =IFERROR((E93-D93)/D93,"") | G93: =IFERROR((CHAIN_RAW!K93+CHAIN_RAW!L93)/2,"") | H93: =IFERROR((CHAIN_RAW!R93+CHAIN_RAW!S93)/2,"") | I93: =IFERROR((CHAIN_RAW!L93-CHAIN_RAW!K93)/MAX(1E-9, G93),"") | J93: =IFERROR((CHAIN_RAW!S93-CHAIN_RAW!R93)/MAX(1E-9, H93),"") | K93: =CHAIN_RAW!G93 | L93: =CHAIN_RAW!N93 | M93: =IFERROR(L93-K93,"") | N93: =CHAIN_RAW!H93 | O93: =CHAIN_RAW!O93 | P93: =IFERROR(O93/N93,"") | Q93: =CHAIN_RAW!I93 | R93: =CHAIN_RAW!P93 | S93: =IFERROR(R93/Q93,"") | T93: =IFERROR((ABS(N93-O93)/MAX(1,(N93+O93)))*EXP(-ABS(E93-CONTROL!E5)/MAX(1,CONTROL!B8)),"") | U93: =IFERROR(IF(O93>N93,"SUPPORT (PE OI)","RESIST (CE OI)"),"") | V93: =IFERROR(IF(Q93>0,IF(R93>0,"BOTH_ADD","CE_ADD_PE_REDUCE"),IF(R93>0,"CE_REDUCE_PE_ADD","BOTH_REDUCE")),"") | W93: =IFERROR( (P93-1)*0.5 + (M93)*0.1 - (I93+J93)*0.05 + T93*0.4 ,"") | X93: =IFERROR(IF(ABS(F93)<0.01,"ATM/NEAR",""),"")
A94: =CHAIN_RAW!A94 | B94: =CHAIN_RAW!B94 | C94: =CHAIN_RAW!C94 | D94: =CHAIN_RAW!D94 | E94: =CHAIN_RAW!E94 | F94: =IFERROR((E94-D94)/D94,"") | G94: =IFERROR((CHAIN_RAW!K94+CHAIN_RAW!L94)/2,"") | H94: =IFERROR((CHAIN_RAW!R94+CHAIN_RAW!S94)/2,"") | I94: =IFERROR((CHAIN_RAW!L94-CHAIN_RAW!K94)/MAX(1E-9, G94),"") | J94: =IFERROR((CHAIN_RAW!S94-CHAIN_RAW!R94)/MAX(1E-9, H94),"") | K94: =CHAIN_RAW!G94 | L94: =CHAIN_RAW!N94 | M94: =IFERROR(L94-K94,"") | N94: =CHAIN_RAW!H94 | O94: =CHAIN_RAW!O94 | P94: =IFERROR(O94/N94,"") | Q94: =CHAIN_RAW!I94 | R94: =CHAIN_RAW!P94 | S94: =IFERROR(R94/Q94,"") | T94: =IFERROR((ABS(N94-O94)/MAX(1,(N94+O94)))*EXP(-ABS(E94-CONTROL!E5)/MAX(1,CONTROL!B8)),"") | U94: =IFERROR(IF(O94>N94,"SUPPORT (PE OI)","RESIST (CE OI)"),"") | V94: =IFERROR(IF(Q94>0,IF(R94>0,"BOTH_ADD","CE_ADD_PE_REDUCE"),IF(R94>0,"CE_REDUCE_PE_ADD","BOTH_REDUCE")),"") | W94: =IFERROR( (P94-1)*0.5 + (M94)*0.1 - (I94+J94)*0.05 + T94*0.4 ,"") | X94: =IFERROR(IF(ABS(F94)<0.01,"ATM/NEAR",""),"")
A95: =CHAIN_RAW!A95 | B95: =CHAIN_RAW!B95 | C95: =CHAIN_RAW!C95 | D95: =CHAIN_RAW!D95 | E95: =CHAIN_RAW!E95 | F95: =IFERROR((E95-D95)/D95,"") | G95: =IFERROR((CHAIN_RAW!K95+CHAIN_RAW!L95)/2,"") | H95: =IFERROR((CHAIN_RAW!R95+CHAIN_RAW!S95)/2,"") | I95: =IFERROR((CHAIN_RAW!L95-CHAIN_RAW!K95)/MAX(1E-9, G95),"") | J95: =IFERROR((CHAIN_RAW!S95-CHAIN_RAW!R95)/MAX(1E-9, H95),"") | K95: =CHAIN_RAW!G95 | L95: =CHAIN_RAW!N95 | M95: =IFERROR(L95-K95,"") | N95: =CHAIN_RAW!H95 | O95: =CHAIN_RAW!O95 | P95: =IFERROR(O95/N95,"") | Q95: =CHAIN_RAW!I95 | R95: =CHAIN_RAW!P95 | S95: =IFERROR(R95/Q95,"") | T95: =IFERROR((ABS(N95-O95)/MAX(1,(N95+O95)))*EXP(-ABS(E95-CONTROL!E5)/MAX(1,CONTROL!B8)),"") | U95: =IFERROR(IF(O95>N95,"SUPPORT (PE OI)","RESIST (CE OI)"),"") | V95: =IFERROR(IF(Q95>0,IF(R95>0,"BOTH_ADD","CE_ADD_PE_REDUCE"),IF(R95>0,"CE_REDUCE_PE_ADD","BOTH_REDUCE")),"") | W95: =IFERROR( (P95-1)*0.5 + (M95)*0.1 - (I95+J95)*0.05 + T95*0.4 ,"") | X95: =IFERROR(IF(ABS(F95)<0.01,"ATM/NEAR",""),"")
A96: =CHAIN_RAW!A96 | B96: =CHAIN_RAW!B96 | C96: =CHAIN_RAW!C96 | D96: =CHAIN_RAW!D96 | E96: =CHAIN_RAW!E96 | F96: =IFERROR((E96-D96)/D96,"") | G96: =IFERROR((CHAIN_RAW!K96+CHAIN_RAW!L96)/2,"") | H96: =IFERROR((CHAIN_RAW!R96+CHAIN_RAW!S96)/2,"") | I96: =IFERROR((CHAIN_RAW!L96-CHAIN_RAW!K96)/MAX(1E-9, G96),"") | J96: =IFERROR((CHAIN_RAW!S96-CHAIN_RAW!R96)/MAX(1E-9, H96),"") | K96: =CHAIN_RAW!G96 | L96: =CHAIN_RAW!N96 | M96: =IFERROR(L96-K96,"") | N96: =CHAIN_RAW!H96 | O96: =CHAIN_RAW!O96 | P96: =IFERROR(O96/N96,"") | Q96: =CHAIN_RAW!I96 | R96: =CHAIN_RAW!P96 | S96: =IFERROR(R96/Q96,"") | T96: =IFERROR((ABS(N96-O96)/MAX(1,(N96+O96)))*EXP(-ABS(E96-CONTROL!E5)/MAX(1,CONTROL!B8)),"") | U96: =IFERROR(IF(O96>N96,"SUPPORT (PE OI)","RESIST (CE OI)"),"") | V96: =IFERROR(IF(Q96>0,IF(R96>0,"BOTH_ADD","CE_ADD_PE_REDUCE"),IF(R96>0,"CE_REDUCE_PE_ADD","BOTH_REDUCE")),"") | W96: =IFERROR( (P96-1)*0.5 + (M96)*0.1 - (I96+J96)*0.05 + T96*0.4 ,"") | X96: =IFERROR(IF(ABS(F96)<0.01,"ATM/NEAR",""),"")
A97: =CHAIN_RAW!A97 | B97: =CHAIN_RAW!B97 | C97: =CHAIN_RAW!C97 | D97: =CHAIN_RAW!D97 | E97: =CHAIN_RAW!E97 | F97: =IFERROR((E97-D97)/D97,"") | G97: =IFERROR((CHAIN_RAW!K97+CHAIN_RAW!L97)/2,"") | H97: =IFERROR((CHAIN_RAW!R97+CHAIN_RAW!S97)/2,"") | I97: =IFERROR((CHAIN_RAW!L97-CHAIN_RAW!K97)/MAX(1E-9, G97),"") | J97: =IFERROR((CHAIN_RAW!S97-CHAIN_RAW!R97)/MAX(1E-9, H97),"") | K97: =CHAIN_RAW!G97 | L97: =CHAIN_RAW!N97 | M97: =IFERROR(L97-K97,"") | N97: =CHAIN_RAW!H97 | O97: =CHAIN_RAW!O97 | P97: =IFERROR(O97/N97,"") | Q97: =CHAIN_RAW!I97 | R97: =CHAIN_RAW!P97 | S97: =IFERROR(R97/Q97,"") | T97: =IFERROR((ABS(N97-O97)/MAX(1,(N97+O97)))*EXP(-ABS(E97-CONTROL!E5)/MAX(1,CONTROL!B8)),"") | U97: =IFERROR(IF(O97>N97,"SUPPORT (PE OI)","RESIST (CE OI)"),"") | V97: =IFERROR(IF(Q97>0,IF(R97>0,"BOTH_ADD","CE_ADD_PE_REDUCE"),IF(R97>0,"CE_REDUCE_PE_ADD","BOTH_REDUCE")),"") | W97: =IFERROR( (P97-1)*0.5 + (M97)*0.1 - (I97+J97)*0.05 + T97*0.4 ,"") | X97: =IFERROR(IF(ABS(F97)<0.01,"ATM/NEAR",""),"")
A98: =CHAIN_RAW!A98 | B98: =CHAIN_RAW!B98 | C98: =CHAIN_RAW!C98 | D98: =CHAIN_RAW!D98 | E98: =CHAIN_RAW!E98 | F98: =IFERROR((E98-D98)/D98,"") | G98: =IFERROR((CHAIN_RAW!K98+CHAIN_RAW!L98)/2,"") | H98: =IFERROR((CHAIN_RAW!R98+CHAIN_RAW!S98)/2,"") | I98: =IFERROR((CHAIN_RAW!L98-CHAIN_RAW!K98)/MAX(1E-9, G98),"") | J98: =IFERROR((CHAIN_RAW!S98-CHAIN_RAW!R98)/MAX(1E-9, H98),"") | K98: =CHAIN_RAW!G98 | L98: =CHAIN_RAW!N98 | M98: =IFERROR(L98-K98,"") | N98: =CHAIN_RAW!H98 | O98: =CHAIN_RAW!O98 | P98: =IFERROR(O98/N98,"") | Q98: =CHAIN_RAW!I98 | R98: =CHAIN_RAW!P98 | S98: =IFERROR(R98/Q98,"") | T98: =IFERROR((ABS(N98-O98)/MAX(1,(N98+O98)))*EXP(-ABS(E98-CONTROL!E5)/MAX(1,CONTROL!B8)),"") | U98: =IFERROR(IF(O98>N98,"SUPPORT (PE OI)","RESIST (CE OI)"),"") | V98: =IFERROR(IF(Q98>0,IF(R98>0,"BOTH_ADD","CE_ADD_PE_REDUCE"),IF(R98>0,"CE_REDUCE_PE_ADD","BOTH_REDUCE")),"") | W98: =IFERROR( (P98-1)*0.5 + (M98)*0.1 - (I98+J98)*0.05 + T98*0.4 ,"") | X98: =IFERROR(IF(ABS(F98)<0.01,"ATM/NEAR",""),"")
A99: =CHAIN_RAW!A99 | B99: =CHAIN_RAW!B99 | C99: =CHAIN_RAW!C99 | D99: =CHAIN_RAW!D99 | E99: =CHAIN_RAW!E99 | F99: =IFERROR((E99-D99)/D99,"") | G99: =IFERROR((CHAIN_RAW!K99+CHAIN_RAW!L99)/2,"") | H99: =IFERROR((CHAIN_RAW!R99+CHAIN_RAW!S99)/2,"") | I99: =IFERROR((CHAIN_RAW!L99-CHAIN_RAW!K99)/MAX(1E-9, G99),"") | J99: =IFERROR((CHAIN_RAW!S99-CHAIN_RAW!R99)/MAX(1E-9, H99),"") | K99: =CHAIN_RAW!G99 | L99: =CHAIN_RAW!N99 | M99: =IFERROR(L99-K99,"") | N99: =CHAIN_RAW!H99 | O99: =CHAIN_RAW!O99 | P99: =IFERROR(O99/N99,"") | Q99: =CHAIN_RAW!I99 | R99: =CHAIN_RAW!P99 | S99: =IFERROR(R99/Q99,"") | T99: =IFERROR((ABS(N99-O99)/MAX(1,(N99+O99)))*EXP(-ABS(E99-CONTROL!E5)/MAX(1,CONTROL!B8)),"") | U99: =IFERROR(IF(O99>N99,"SUPPORT (PE OI)","RESIST (CE OI)"),"") | V99: =IFERROR(IF(Q99>0,IF(R99>0,"BOTH_ADD","CE_ADD_PE_REDUCE"),IF(R99>0,"CE_REDUCE_PE_ADD","BOTH_REDUCE")),"") | W99: =IFERROR( (P99-1)*0.5 + (M99)*0.1 - (I99+J99)*0.05 + T99*0.4 ,"") | X99: =IFERROR(IF(ABS(F99)<0.01,"ATM/NEAR",""),"")
A100: =CHAIN_RAW!A100 | B100: =CHAIN_RAW!B100 | C100: =CHAIN_RAW!C100 | D100: =CHAIN_RAW!D100 | E100: =CHAIN_RAW!E100 | F100: =IFERROR((E100-D100)/D100,"") | G100: =IFERROR((CHAIN_RAW!K100+CHAIN_RAW!L100)/2,"") | H100: =IFERROR((CHAIN_RAW!R100+CHAIN_RAW!S100)/2,"") | I100: =IFERROR((CHAIN_RAW!L100-CHAIN_RAW!K100)/MAX(1E-9, G100),"") | J100: =IFERROR((CHAIN_RAW!S100-CHAIN_RAW!R100)/MAX(1E-9, H100),"") | K100: =CHAIN_RAW!G100 | L100: =CHAIN_RAW!N100 | M100: =IFERROR(L100-K100,"") | N100: =CHAIN_RAW!H100 | O100: =CHAIN_RAW!O100 | P100: =IFERROR(O100/N100,"") | Q100: =CHAIN_RAW!I100 | R100: =CHAIN_RAW!P100 | S100: =IFERROR(R100/Q100,"") | T100: =IFERROR((ABS(N100-O100)/MAX(1,(N100+O100)))*EXP(-ABS(E100-CONTROL!E5)/MAX(1,CONTROL!B8)),"") | U100: =IFERROR(IF(O100>N100,"SUPPORT (PE OI)","RESIST (CE OI)"),"") | V100: =IFERROR(IF(Q100>0,IF(R100>0,"BOTH_ADD","CE_ADD_PE_REDUCE"),IF(R100>0,"CE_REDUCE_PE_ADD","BOTH_REDUCE")),"") | W100: =IFERROR( (P100-1)*0.5 + (M100)*0.1 - (I100+J100)*0.05 + T100*0.4 ,"") | X100: =IFERROR(IF(ABS(F100)<0.01,"ATM/NEAR",""),"")
...

Sheet SUMMARY
A1: SUMMARY / SIGNALS (blocked if QC_FAIL)
A3: KPI | B3: Value
A4: QC Status | B4: =QC_CHECK!B14
A5: Symbol | B5: =CONTROL!B5
A6: Expiry | B6: =CONTROL!E7
A7: Spot | B7: =CONTROL!E6
A8: ATM Strike | B8: =CONTROL!E5
A9: PCR (Total OI) | B9: =IFERROR(SUM(CHAIN_RAW!O3:O2001)/SUM(CHAIN_RAW!H3:H2001),"")
A10: PCR (Total Volume) | B10: =IFERROR(SUM(CHAIN_RAW!Q3:Q2001)/SUM(CHAIN_RAW!J3:J2001),"")
A11: Max CE OI Strike | B11: =IFERROR(INDEX(CHAIN_RAW!E3:E2001, MATCH(MAX(CHAIN_RAW!H3:H2001), CHAIN_RAW!H3:H2001,0)),"")
A12: Max PE OI Strike | B12: =IFERROR(INDEX(CHAIN_RAW!E3:E2001, MATCH(MAX(CHAIN_RAW!O3:O2001), CHAIN_RAW!O3:O2001,0)),"") | D12: Trade Gate | E12: =IF(OR(QC_CHECK!D21<>"PASS",PROBABILITY_ENGINE!B12<>"PASS"),"NO TRADE ZONE","TRADE OK")
A13: Directional Bias (rule) | B13: =IF(QC_CHECK!B14="FAIL","NO_SIGNAL",IF(AND(F6<>"",F6>1.05),"BULLISH (PCR high)",IF(AND(F6<>"",F6<0.95),"BEARISH (PCR low)","NEUTRAL")))
A14: Confidence (0-100) | B14: =IF(QC_CHECK!B14="FAIL","",IFERROR(MIN(100,MAX(0, (ABS(F6-1)*120) + (1-ABS(F7-1))*10 )),""))
A15: Trade Idea (rule) | B15: =IF(QC_CHECK!B14="FAIL","BLOCKED — FIX QC","If bullish: consider CALL spread near ATM; If bearish: consider PUT spread near ATM; If neutral: wait / iron fly (only if IV high)")
B21: =LEG_SELECTOR!B14 | C21: =LEG_SELECTOR!C14 | D21: =LEG_SELECTOR!D14 | E21: =LEG_SELECTOR!E14 | F21: =IF(E21="","",E21*0.5) | G21: =IF(E21="","",E21*1.0)
B22: =LEG_SELECTOR!B15 | C22: =LEG_SELECTOR!C15 | D22: =LEG_SELECTOR!D15 | E22: =LEG_SELECTOR!E15 | F22: =IF(E22="","",E22*0.5) | G22: =IF(E22="","",E22*1.0)
B23: =LEG_SELECTOR!B16 | C23: =LEG_SELECTOR!C16 | D23: =LEG_SELECTOR!D16 | E23: =LEG_SELECTOR!E16 | F23: =IF(E23="","",E23*0.5) | G23: =IF(E23="","",E23*1.0)
B24: =LEG_SELECTOR!B17 | C24: =LEG_SELECTOR!C17 | D24: =LEG_SELECTOR!D17 | E24: =LEG_SELECTOR!E17 | F24: =IF(E24="","",E24*0.5) | G24: =IF(E24="","",E24*1.0)

Sheet OI_BUILDUP
A1: OI_BUILDUP — Long/Short/Unwind classification (v3)
A3: Row# | B3: Identifier | C3: Strike | D3: Type | E3: LTP | F3: Price Change | G3: OI | H3: OI Change | I3: Buildup Type | J3: Strength (1-5)
A4: 2 | B4: =CHAIN_RAW!D2 | C4: =CHAIN_RAW!A2 | D4: =CHAIN_RAW!C2 | E4: =CHAIN_RAW!E2 | F4: =CHAIN_RAW!F2 | G4: =CHAIN_RAW!I2 | H4: =CHAIN_RAW!Q2 | I4: =LET(pc,F4,oc,H4,IF(OR(pc="",oc=""),"",IF(AND(pc>0,oc>0),"Long Buildup",IF(AND(pc<0,oc>0),"Short Buildup",IF(AND(pc>0,oc<0),"Short Covering",IF(AND(pc<0,oc<0),"Long Unwinding","Flat")))))) | J4: =LET(pc,ABS(F4),oc,ABS(H4),IF(OR(pc="",oc=""),"",MAX(1,MIN(5,ROUND((pc*0.5+oc*0.00001)*5,0))))))
A5: 3 | B5: =CHAIN_RAW!D3 | C5: =CHAIN_RAW!A3 | D5: =CHAIN_RAW!C3 | E5: =CHAIN_RAW!E3 | F5: =CHAIN_RAW!F3 | G5: =CHAIN_RAW!I3 | H5: =CHAIN_RAW!Q3 | I5: =LET(pc,F5,oc,H5,IF(OR(pc="",oc=""),"",IF(AND(pc>0,oc>0),"Long Buildup",IF(AND(pc<0,oc>0),"Short Buildup",IF(AND(pc>0,oc<0),"Short Covering",IF(AND(pc<0,oc<0),"Long Unwinding","Flat")))))) | J5: =LET(pc,ABS(F5),oc,ABS(H5),IF(OR(pc="",oc=""),"",MAX(1,MIN(5,ROUND((pc*0.5+oc*0.00001)*5,0))))))
A6: 4 | B6: =CHAIN_RAW!D4 | C6: =CHAIN_RAW!A4 | D6: =CHAIN_RAW!C4 | E6: =CHAIN_RAW!E4 | F6: =CHAIN_RAW!F4 | G6: =CHAIN_RAW!I4 | H6: =CHAIN_RAW!Q4 | I6: =LET(pc,F6,oc,H6,IF(OR(pc="",oc=""),"",IF(AND(pc>0,oc>0),"Long Buildup",IF(AND(pc<0,oc>0),"Short Buildup",IF(AND(pc>0,oc<0),"Short Covering",IF(AND(pc<0,oc<0),"Long Unwinding","Flat")))))) | J6: =LET(pc,ABS(F6),oc,ABS(H6),IF(OR(pc="",oc=""),"",MAX(1,MIN(5,ROUND((pc*0.5+oc*0.00001)*5,0))))))
A7: 5 | B7: =CHAIN_RAW!D5 | C7: =CHAIN_RAW!A5 | D7: =CHAIN_RAW!C5 | E7: =CHAIN_RAW!E5 | F7: =CHAIN_RAW!F5 | G7: =CHAIN_RAW!I5 | H7: =CHAIN_RAW!Q5 | I7: =LET(pc,F7,oc,H7,IF(OR(pc="",oc=""),"",IF(AND(pc>0,oc>0),"Long Buildup",IF(AND(pc<0,oc>0),"Short Buildup",IF(AND(pc>0,oc<0),"Short Covering",IF(AND(pc<0,oc<0),"Long Unwinding","Flat")))))) | J7: =LET(pc,ABS(F7),oc,ABS(H7),IF(OR(pc="",oc=""),"",MAX(1,MIN(5,ROUND((pc*0.5+oc*0.00001)*5,0))))))
A8: 6 | B8: =CHAIN_RAW!D6 | C8: =CHAIN_RAW!A6 | D8: =CHAIN_RAW!C6 | E8: =CHAIN_RAW!E6 | F8: =CHAIN_RAW!F6 | G8: =CHAIN_RAW!I6 | H8: =CHAIN_RAW!Q6 | I8: =LET(pc,F8,oc,H8,IF(OR(pc="",oc=""),"",IF(AND(pc>0,oc>0),"Long Buildup",IF(AND(pc<0,oc>0),"Short Buildup",IF(AND(pc>0,oc<0),"Short Covering",IF(AND(pc<0,oc<0),"Long Unwinding","Flat")))))) | J8: =LET(pc,ABS(F8),oc,ABS(H8),IF(OR(pc="",oc=""),"",MAX(1,MIN(5,ROUND((pc*0.5+oc*0.00001)*5,0))))))
A9: 7 | B9: =CHAIN_RAW!D7 | C9: =CHAIN_RAW!A7 | D9: =CHAIN_RAW!C7 | E9: =CHAIN_RAW!E7 | F9: =CHAIN_RAW!F7 | G9: =CHAIN_RAW!I7 | H9: =CHAIN_RAW!Q7 | I9: =LET(pc,F9,oc,H9,IF(OR(pc="",oc=""),"",IF(AND(pc>0,oc>0),"Long Buildup",IF(AND(pc<0,oc>0),"Short Buildup",IF(AND(pc>0,oc<0),"Short Covering",IF(AND(pc<0,oc<0),"Long Unwinding","Flat")))))) | J9: =LET(pc,ABS(F9),oc,ABS(H9),IF(OR(pc="",oc=""),"",MAX(1,MIN(5,ROUND((pc*0.5+oc*0.00001)*5,0))))))
A10: 8 | B10: =CHAIN_RAW!D8 | C10: =CHAIN_RAW!A8 | D10: =CHAIN_RAW!C8 | E10: =CHAIN_RAW!E8 | F10: =CHAIN_RAW!F8 | G10: =CHAIN_RAW!I8 | H10: =CHAIN_RAW!Q8 | I10: =LET(pc,F10,oc,H10,IF(OR(pc="",oc=""),"",IF(AND(pc>0,oc>0),"Long Buildup",IF(AND(pc<0,oc>0),"Short Buildup",IF(AND(pc>0,oc<0),"Short Covering",IF(AND(pc<0,oc<0),"Long Unwinding","Flat")))))) | J10: =LET(pc,ABS(F10),oc,ABS(H10),IF(OR(pc="",oc=""),"",MAX(1,MIN(5,ROUND((pc*0.5+oc*0.00001)*5,0))))))
A11: 9 | B11: =CHAIN_RAW!D9 | C11: =CHAIN_RAW!A9 | D11: =CHAIN_RAW!C9 | E11: =CHAIN_RAW!E9 | F11: =CHAIN_RAW!F9 | G11: =CHAIN_RAW!I9 | H11: =CHAIN_RAW!Q9 | I11: =LET(pc,F11,oc,H11,IF(OR(pc="",oc=""),"",IF(AND(pc>0,oc>0),"Long Buildup",IF(AND(pc<0,oc>0),"Short Buildup",IF(AND(pc>0,oc<0),"Short Covering",IF(AND(pc<0,oc<0),"Long Unwinding","Flat")))))) | J11: =LET(pc,ABS(F11),oc,ABS(H11),IF(OR(pc="",oc=""),"",MAX(1,MIN(5,ROUND((pc*0.5+oc*0.00001)*5,0))))))
A12: 10 | B12: =CHAIN_RAW!D10 | C12: =CHAIN_RAW!A10 | D12: =CHAIN_RAW!C10 | E12: =CHAIN_RAW!E10 | F12: =CHAIN_RAW!F10 | G12: =CHAIN_RAW!I10 | H12: =CHAIN_RAW!Q10 | I12: =LET(pc,F12,oc,H12,IF(OR(pc="",oc=""),"",IF(AND(pc>0,oc>0),"Long Buildup",IF(AND(pc<0,oc>0),"Short Buildup",IF(AND(pc>0,oc<0),"Short Covering",IF(AND(pc<0,oc<0),"Long Unwinding","Flat")))))) | J12: =LET(pc,ABS(F12),oc,ABS(H12),IF(OR(pc="",oc=""),"",MAX(1,MIN(5,ROUND((pc*0.5+oc*0.00001)*5,0))))))
A13: 11 | B13: =CHAIN_RAW!D11 | C13: =CHAIN_RAW!A11 | D13: =CHAIN_RAW!C11 | E13: =CHAIN_RAW!E11 | F13: =CHAIN_RAW!F11 | G13: =CHAIN_RAW!I11 | H13: =CHAIN_RAW!Q11 | I13: =LET(pc,F13,oc,H13,IF(OR(pc="",oc=""),"",IF(AND(pc>0,oc>0),"Long Buildup",IF(AND(pc<0,oc>0),"Short Buildup",IF(AND(pc>0,oc<0),"Short Covering",IF(AND(pc<0,oc<0),"Long Unwinding","Flat")))))) | J13: =LET(pc,ABS(F13),oc,ABS(H13),IF(OR(pc="",oc=""),"",MAX(1,MIN(5,ROUND((pc*0.5+oc*0.00001)*5,0))))))
A14: 12 | B14: =CHAIN_RAW!D12 | C14: =CHAIN_RAW!A12 | D14: =CHAIN_RAW!C12 | E14: =CHAIN_RAW!E12 | F14: =CHAIN_RAW!F12 | G14: =CHAIN_RAW!I12 | H14: =CHAIN_RAW!Q12 | I14: =LET(pc,F14,oc,H14,IF(OR(pc="",oc=""),"",IF(AND(pc>0,oc>0),"Long Buildup",IF(AND(pc<0,oc>0),"Short Buildup",IF(AND(pc>0,oc<0),"Short Covering",IF(AND(pc<0,oc<0),"Long Unwinding","Flat")))))) | J14: =LET(pc,ABS(F14),oc,ABS(H14),IF(OR(pc="",oc=""),"",MAX(1,MIN(5,ROUND((pc*0.5+oc*0.00001)*5,0))))))
A15: 13 | B15: =CHAIN_RAW!D13 | C15: =CHAIN_RAW!A13 | D15: =CHAIN_RAW!C13 | E15: =CHAIN_RAW!E13 | F15: =CHAIN_RAW!F13 | G15: =CHAIN_RAW!I13 | H15: =CHAIN_RAW!Q13 | I15: =LET(pc,F15,oc,H15,IF(OR(pc="",oc=""),"",IF(AND(pc>0,oc>0),"Long Buildup",IF(AND(pc<0,oc>0),"Short Buildup",IF(AND(pc>0,oc<0),"Short Covering",IF(AND(pc<0,oc<0),"Long Unwinding","Flat")))))) | J15: =LET(pc,ABS(F15),oc,ABS(H15),IF(OR(pc="",oc=""),"",MAX(1,MIN(5,ROUND((pc*0.5+oc*0.00001)*5,0))))))
... A2003: 2001 | B2003: =CHAIN_RAW!D2001 | C2003: =CHAIN_RAW!A2001 | D2003: =CHAIN_RAW!C2001 | E2003: =CHAIN_RAW!E2001 | F2003: =CHAIN_RAW!F2001 | G2003: =CHAIN_RAW!I2001 | H2003: =CHAIN_RAW!Q2001 | I2003: =LET(pc,F2003,oc,H2003,IF(OR(pc="",oc=""),"",IF(AND(pc>0,oc>0),"Long Buildup",IF(AND(pc<0,oc>0),"Short Buildup",IF(AND(pc>0,oc<0),"Short Covering",IF(AND(pc<0,oc<0),"Long Unwinding","Flat")))))) | J2003: =LET(pc,ABS(F2003),oc,ABS(H2003),IF(OR(pc="",oc=""),"",MAX(1,MIN(5,ROUND((pc*0.5+oc*0.00001)*5,0))))))

Sheet DELTA_PCR
A1: DELTA_PCR — Delta-weighted positioning (v3)
A3: Spot | B3: =CONTROL!B4
A4: ATM | B4: =CHAIN_CALC!B5
A5: Regime | B5: =CHAIN_CALC!B33
A6: Direction | B6: =CHAIN_CALC!B36
A8: Weighted CE OI (Σ OI*|Δ|) | B8: =SUMPRODUCT(--(tblChainRaw[Option Type]="CE"),tblChainRaw[Open Interest],ABS(GREEKS!K4:K2003))
A9: Weighted PE OI (Σ OI*|Δ|) | B9: =SUMPRODUCT(--(tblChainRaw[Option Type]="PE"),tblChainRaw[Open Interest],ABS(GREEKS!K4:K2003))
A10: Delta PCR | B10: =IF(B8=0,"",B9/B8)
A11: Delta Bias | B11: =IF(B10="","",IF(B10>1.05,"Bearish",IF(B10<0.95,"Bullish","Neutral")))

Sheet GAMMA_THETA_MAP
A1: GAMMA_THETA_MAP — Exposure by Strike (v3)
A3: Strike | B3: CE OI | C3: PE OI | D3: CE GammaExp | E3: PE GammaExp | F3: Net GammaExp | G3: CE ThetaExp/day | H3: PE ThetaExp/day | I3: Net ThetaExp/day
A4: =IF(CHAIN_CALC!B5="","",CHAIN_CALC!B5+(-100)*CONTROL!B6) | B4: =SUMIFS(tblChainRaw[Open Interest],tblChainRaw[Strike Price],A4,tblChainRaw[Option Type],"CE") | C4: =SUMIFS(tblChainRaw[Open Interest],tblChainRaw[Strike Price],A4,tblChainRaw[Option Type],"PE") | D4: =LET(s,CONTROL!B4,ls,CONTROL!B5,SUMPRODUCT(--(tblChainRaw[Strike Price]=A4),--(tblChainRaw[Option Type]="CE"),tblChainRaw[Open Interest],GREEKS!L4:L2003)*s^2*ls) | E4: =LET(s,CONTROL!B4,ls,CONTROL!B5,SUMPRODUCT(--(tblChainRaw[Strike Price]=A4),--(tblChainRaw[Option Type]="PE"),tblChainRaw[Open Interest],GREEKS!L4:L2003)*s^2*ls) | F4: =D4-E4 | G4: =LET(ls,CONTROL!B5,SUMPRODUCT(--(tblChainRaw[Strike Price]=A4),--(tblChainRaw[Option Type]="CE"),tblChainRaw[Open Interest],GREEKS!M4:M2003)*ls) | H4: =LET(ls,CONTROL!B5,SUMPRODUCT(--(tblChainRaw[Strike Price]=A4),--(tblChainRaw[Option Type]="PE"),tblChainRaw[Open Interest],GREEKS!M4:M2003)*ls) | I4: =G4+H4
A5: =IF(CHAIN_CALC!B5="","",CHAIN_CALC!B5+(-99)*CONTROL!B6) | B5: =SUMIFS(tblChainRaw[Open Interest],tblChainRaw[Strike Price],A5,tblChainRaw[Option Type],"CE") | C5: =SUMIFS(tblChainRaw[Open Interest],tblChainRaw[Strike Price],A5,tblChainRaw[Option Type],"PE") | D5: =LET(s,CONTROL!B4,ls,CONTROL!B5,SUMPRODUCT(--(tblChainRaw[Strike Price]=A5),--(tblChainRaw[Option Type]="CE"),tblChainRaw[Open Interest],GREEKS!L4:L2003)*s^2*ls) | E5: =LET(s,CONTROL!B4,ls,CONTROL!B5,SUMPRODUCT(--(tblChainRaw[Strike Price]=A5),--(tblChainRaw[Option Type]="PE"),tblChainRaw[Open Interest],GREEKS!L4:L2003)*s^2*ls) | F5: =D5-E5 | G5: =LET(ls,CONTROL!B5,SUMPRODUCT(--(tblChainRaw[Strike Price]=A5),--(tblChainRaw[Option Type]="CE"),tblChainRaw[Open Interest],GREEKS!M4:M2003)*ls) | H5: =LET(ls,CONTROL!B5,SUMPRODUCT(--(tblChainRaw[Strike Price]=A5),--(tblChainRaw[Option Type]="PE"),tblChainRaw[Open Interest],GREEKS!M4:M2003)*ls) | I5: =G5+H5
A6: =IF(CHAIN_CALC!B5="","",CHAIN_CALC!B5+(-98)*CONTROL!B6) | B6: =SUMIFS(tblChainRaw[Open Interest],tblChainRaw[Strike Price],A6,tblChainRaw[Option Type],"CE") | C6: =SUMIFS(tblChainRaw[Open Interest],tblChainRaw[Strike Price],A6,tblChainRaw[Option Type],"PE") | D6: =LET(s,CONTROL!B4,ls,CONTROL!B5,SUMPRODUCT(--(tblChainRaw[Strike Price]=A6),--(tblChainRaw[Option Type]="CE"),tblChainRaw[Open Interest],GREEKS!L4:L2003)*s^2*ls) | E6: =LET(s,CONTROL!B4,ls,CONTROL!B5,SUMPRODUCT(--(tblChainRaw[Strike Price]=A6),--(tblChainRaw[Option Type]="PE"),tblChainRaw[Open Interest],GREEKS!L4:L2003)*s^2*ls) | F6: =D6-E6 | G6: =LET(ls,CONTROL!B5,SUMPRODUCT(--(tblChainRaw[Strike Price]=A6),--(tblChainRaw[Option Type]="CE"),tblChainRaw[Open Interest],GREEKS!M4:M2003)*ls) | H6: =LET(ls,CONTROL!B5,SUMPRODUCT(--(tblChainRaw[Strike Price]=A6),--(tblChainRaw[Option Type]="PE"),tblChainRaw[Open Interest],GREEKS!M4:M2003)*ls) | I6: =G6+H6
A7: =IF(CHAIN_CALC!B5="","",CHAIN_CALC!B5+(-97)*CONTROL!B6) | B7: =SUMIFS(tblChainRaw[Open Interest],tblChainRaw[Strike Price],A7,tblChainRaw[Option Type],"CE") | C7: =SUMIFS(tblChainRaw[Open Interest],tblChainRaw[Strike Price],A7,tblChainRaw[Option Type],"PE") | D7: =LET(s,CONTROL!B4,ls,CONTROL!B5,SUMPRODUCT(--(tblChainRaw[Strike Price]=A7),--(tblChainRaw[Option Type]="CE"),tblChainRaw[Open Interest],GREEKS!L4:L2003)*s^2*ls) | E7: =LET(s,CONTROL!B4,ls,CONTROL!B5,SUMPRODUCT(--(tblChainRaw[Strike Price]=A7),--(tblChainRaw[Option Type]="PE"),tblChainRaw[Open Interest],GREEKS!L4:L2003)*s^2*ls) | F7: =D7-E7 | G7: =LET(ls,CONTROL!B5,SUMPRODUCT(--(tblChainRaw[Strike Price]=A7),--(tblChainRaw[Option Type]="CE"),tblChainRaw[Open Interest],GREEKS!M4:M2003)*ls) | H7: =LET(ls,CONTROL!B5,SUMPRODUCT(--(tblChainRaw[Strike Price]=A7),--(tblChainRaw[Option Type]="PE"),tblChainRaw[Open Interest],GREEKS!M4:M2003)*ls) | I7: =G7+H7
A8: =IF(CHAIN_CALC!B5="","",CHAIN_CALC!B5+(-96)*CONTROL!B6) | B8: =SUMIFS(tblChainRaw[Open Interest],tblChainRaw[Strike Price],A8,tblChainRaw[Option Type],"CE") | C8: =SUMIFS(tblChainRaw[Open Interest],tblChainRaw[Strike Price],A8,tblChainRaw[Option Type],"PE") | D8: =LET(s,CONTROL!B4,ls,CONTROL!B5,SUMPRODUCT(--(tblChainRaw[Strike Price]=A8),--(tblChainRaw[Option Type]="CE"),tblChainRaw[Open Interest],GREEKS!L4:L2003)*s^2*ls) | E8: =LET(s,CONTROL!B4,ls,CONTROL!B5,SUMPRODUCT(--(tblChainRaw[Strike Price]=A8),--(tblChainRaw[Option Type]="PE"),tblChainRaw[Open Interest],GREEKS!L4:L2003)*s^2*ls) | F8: =D8-E8 | G8: =LET(ls,CONTROL!B5,SUMPRODUCT(--(tblChainRaw[Strike Price]=A8),--(tblChainRaw[Option Type]="CE"),tblChainRaw[Open Interest],GREEKS!M4:M2003)*ls) | H8: =LET(ls,CONTROL!B5,SUMPRODUCT(--(tblChainRaw[Strike Price]=A8),--(tblChainRaw[Option Type]="PE"),tblChainRaw[Open Interest],GREEKS!M4:M2003)*ls) | I8: =G8+H8
A9: =IF(CHAIN_CALC!B5="","",CHAIN_CALC!B5+(-95)*CONTROL!B6) | B9: =SUMIFS(tblChainRaw[Open Interest],tblChainRaw[Strike Price],A9,tblChainRaw[Option Type],"CE") | C9: =SUMIFS(tblChainRaw[Open Interest],tblChainRaw[Strike Price],A9,tblChainRaw[Option Type],"PE") | D9: =LET(s,CONTROL!B4,ls,CONTROL!B5,SUMPRODUCT(--(tblChainRaw[Strike Price]=A9),--(tblChainRaw[Option Type]="CE"),tblChainRaw[Open Interest],GREEKS!L4:L2003)*s^2*ls) | E9: =LET(s,CONTROL!B4,ls,CONTROL!B5,SUMPRODUCT(--(tblChainRaw[Strike Price]=A9),--(tblChainRaw[Option Type]="PE"),tblChainRaw[Open Interest],GREEKS!L4:L2003)*s^2*ls) | F9: =D9-E9 | G9: =LET(ls,CONTROL!B5,SUMPRODUCT(--(tblChainRaw[Strike Price]=A9),--(tblChainRaw[Option Type]="CE"),tblChainRaw[Open Interest],GREEKS!M4:M2003)*ls) | H9: =LET(ls,CONTROL!B5,SUMPRODUCT(--(tblChainRaw[Strike Price]=A9),--(tblChainRaw[Option Type]="PE"),tblChainRaw[Open Interest],GREEKS!M4:M2003)*ls) | I9: =G9+H9
A10: =IF(CHAIN_CALC!B5="","",CHAIN_CALC!B5+(-94)*CONTROL!B6) | B10: =SUMIFS(tblChainRaw[Open Interest],tblChainRaw[Strike Price],A10,tblChainRaw[Option Type],"CE") | C10: =SUMIFS(tblChainRaw[Open Interest],tblChainRaw[Strike Price],A10,tblChainRaw[Option Type],"PE") | D10: =LET(s,CONTROL!B4,ls,CONTROL!B5,SUMPRODUCT(--(tblChainRaw[Strike Price]=A10),--(tblChainRaw[Option Type]="CE"),tblChainRaw[Open Interest],GREEKS!L4:L2003)*s^2*ls) | E10: =LET(s,CONTROL!B4,ls,CONTROL!B5,SUMPRODUCT(--(tblChainRaw[Strike Price]=A10),--(tblChainRaw[Option Type]="PE"),tblChainRaw[Open Interest],GREEKS!L4:L2003)*s^2*ls) | F10: =D10-E10 | G10: =LET(ls,CONTROL!B5,SUMPRODUCT(--(tblChainRaw[Strike Price]=A10),--(tblChainRaw[Option Type]="CE"),tblChainRaw[Open Interest],GREEKS!M4:M2003)*ls) | H10: =LET(ls,CONTROL!B5,SUMPRODUCT(--(tblChainRaw[Strike Price]=A10),--(tblChainRaw[Option Type]="PE"),tblChainRaw[Open Interest],GREEKS!M4:M2003)*ls) | I10: =G10+H10
A11: =IF(CHAIN_CALC!B5="","",CHAIN_CALC!B5+(-93)*CONTROL!B6) | B11: =SUMIFS(tblChainRaw[Open Interest],tblChainRaw[Strike Price],A11,tblChainRaw[Option Type],"CE") | C11: =SUMIFS(tblChainRaw[Open Interest],tblChainRaw[Strike Price],A11,tblChainRaw[Option Type],"PE") | D11: =LET(s,CONTROL!B4,ls,CONTROL!B5,SUMPRODUCT(--(tblChainRaw[Strike Price]=A11),--(tblChainRaw[Option Type]="CE"),tblChainRaw[Open Interest],GREEKS!L4:L2003)*s^2*ls) | E11: =LET(s,CONTROL!B4,ls,CONTROL!B5,SUMPRODUCT(--(tblChainRaw[Strike Price]=A11),--(tblChainRaw[Option Type]="PE"),tblChainRaw[Open Interest],GREEKS!L4:L2003)*s^2*ls) | F11: =D11-E11 | G11: =LET(ls,CONTROL!B5,SUMPRODUCT(--(tblChainRaw[Strike Price]=A11),--(tblChainRaw[Option Type]="CE"),tblChainRaw[Open Interest],GREEKS!M4:M2003)*ls) | H11: =LET(ls,CONTROL!B5,SUMPRODUCT(--(tblChainRaw[Strike Price]=A11),--(tblChainRaw[Option Type]="PE"),tblChainRaw[Open Interest],GREEKS!M4:M2003)*ls) | I11: =G11+H11
A12: =IF(CHAIN_CALC!B5="","",CHAIN_CALC!B5+(-92)*CONTROL!B6) | B12: =SUMIFS(tblChainRaw[Open Interest],tblChainRaw[Strike Price],A12,tblChainRaw[Option Type],"CE") | C12: =SUMIFS(tblChainRaw[Open Interest],tblChainRaw[Strike Price],A12,tblChainRaw[Option Type],"PE") | D12: =LET(s,CONTROL!B4,ls,CONTROL!B5,SUMPRODUCT(--(tblChainRaw[Strike Price]=A12),--(tblChainRaw[Option Type]="CE"),tblChainRaw[Open Interest],GREEKS!L4:L2003)*s^2*ls) | E12: =LET(s,CONTROL!B4,ls,CONTROL!B5,SUMPRODUCT(--(tblChainRaw[Strike Price]=A12),--(tblChainRaw[Option Type]="PE"),tblChainRaw[Open Interest],GREEKS!L4:L2003)*s^2*ls) | F12: =D12-E12 | G12: =LET(ls,CONTROL!B5,SUMPRODUCT(--(tblChainRaw[Strike Price]=A12),--(tblChainRaw[Option Type]="CE"),tblChainRaw[Open Interest],GREEKS!M4:M2003)*ls) | H12: =LET(ls,CONTROL!B5,SUMPRODUCT(--(tblChainRaw[Strike Price]=A12),--(tblChainRaw[Option Type]="PE"),tblChainRaw[Open Interest],GREEKS!M4:M2003)*ls) | I12: =G12+H12
A13: =IF(CHAIN_CALC!B5="","",CHAIN_CALC!B5+(-91)*CONTROL!B6) | B13: =SUMIFS(tblChainRaw[Open Interest],tblChainRaw[Strike Price],A13,tblChainRaw[Option Type],"CE") | C13: =SUMIFS(tblChainRaw[Open Interest],tblChainRaw[Strike Price],A13,tblChainRaw[Option Type],"PE") | D13: =LET(s,CONTROL!B4,ls,CONTROL!B5,SUMPRODUCT(--(tblChainRaw[Strike Price]=A13),--(tblChainRaw[Option Type]="CE"),tblChainRaw[Open Interest],GREEKS!L4:L2003)*s^2*ls) | E13: =LET(s,CONTROL!B4,ls,CONTROL!B5,SUMPRODUCT(--(tblChainRaw[Strike Price]=A13),--(tblChainRaw[Option Type]="PE"),tblChainRaw[Open Interest],GREEKS!L4:L2003)*s^2*ls) | F13: =D13-E13 | G13: =LET(ls,CONTROL!B5,SUMPRODUCT(--(tblChainRaw[Strike Price]=A13),--(tblChainRaw[Option Type]="CE"),tblChainRaw[Open Interest],GREEKS!M4:M2003)*ls) | H13: =LET(ls,CONTROL!B5,SUMPRODUCT(--(tblChainRaw[Strike Price]=A13),--(tblChainRaw[Option Type]="PE"),tblChainRaw[Open Interest],GREEKS!M4:M2003)*ls) | I13: =G13+H13
A14: =IF(CHAIN_CALC!B5="","",CHAIN_CALC!B5+(-90)*CONTROL!B6) | B14: =SUMIFS(tblChainRaw[Open Interest],tblChainRaw[Strike Price],A14,tblChainRaw[Option Type],"CE") | C14: =SUMIFS(tblChainRaw[Open Interest],tblChainRaw[Strike Price],A14,tblChainRaw[Option Type],"PE") | D14: =LET(s,CONTROL!B4,ls,CONTROL!B5,SUMPRODUCT(--(tblChainRaw[Strike Price]=A14),--(tblChainRaw[Option Type]="CE"),tblChainRaw[Open Interest],GREEKS!L4:L2003)*s^2*ls) | E14: =LET(s,CONTROL!B4,ls,CONTROL!B5,SUMPRODUCT(--(tblChainRaw[Strike Price]=A14),--(tblChainRaw[Option Type]="PE"),tblChainRaw[Open Interest],GREEKS!L4:L2003)*s^2*ls) | F14: =D14-E14 | G14: =LET(ls,CONTROL!B5,SUMPRODUCT(--(tblChainRaw[Strike Price]=A14),--(tblChainRaw[Option Type]="CE"),tblChainRaw[Open Interest],GREEKS!M4:M2003)*ls) | H14: =LET(ls,CONTROL!B5,SUMPRODUCT(--(tblChainRaw[Strike Price]=A14),--(tblChainRaw[Option Type]="PE"),tblChainRaw[Open Interest],GREEKS!M4:M2003)*ls) | I14: =G14+H14
A15: =IF(CHAIN_CALC!B5="","",CHAIN_CALC!B5+(-89)*CONTROL!B6) | B15: =SUMIFS(tblChainRaw[Open Interest],tblChainRaw[Strike Price],A15,tblChainRaw[Option Type],"CE") | C15: =SUMIFS(tblChainRaw[Open Interest],tblChainRaw[Strike Price],A15,tblChainRaw[Option Type],"PE") | D15: =LET(s,CONTROL!B4,ls,CONTROL!B5,SUMPRODUCT(--(tblChainRaw[Strike Price]=A15),--(tblChainRaw[Option Type]="CE"),tblChainRaw[Open Interest],GREEKS!L4:L2003)*s^2*ls) | E15: =LET(s,CONTROL!B4,ls,CONTROL!B5,SUMPRODUCT(--(tblChainRaw[Strike Price]=A15),--(tblChainRaw[Option Type]="PE"),tblChainRaw[Open Interest],GREEKS!L4:L2003)*s^2*ls) | F15: =D15-E15 | G15: =LET(ls,CONTROL!B5,SUMPRODUCT(--(tblChainRaw[Strike Price]=A15),--(tblChainRaw[Option Type]="CE"),tblChainRaw[Open Interest],GREEKS!M4:M2003)*ls) | H15: =LET(ls,CONTROL!B5,SUMPRODUCT(--(tblChainRaw[Strike Price]=A15),--(tblChainRaw[Option Type]="PE"),tblChainRaw[Open Interest],GREEKS!M4:M2003)*ls) | I15: =G15+H15
A16: =IF(CHAIN_CALC!B5="","",CHAIN_CALC!B5+(-88)*CONTROL!B6) | B16: =SUMIFS(tblChainRaw[Open Interest],tblChainRaw[Strike Price],A16,tblChainRaw[Option Type],"CE") | C16: =SUMIFS(tblChainRaw[Open Interest],tblChainRaw[Strike Price],A16,tblChainRaw[Option Type],"PE") | D16: =LET(s,CONTROL!B4,ls,CONTROL!B5,SUMPRODUCT(--(tblChainRaw[Strike Price]=A16),--(tblChainRaw[Option Type]="CE"),tblChainRaw[Open Interest],GREEKS!L4:L2003)*s^2*ls) | E16: =LET(s,CONTROL!B4,ls,CONTROL!B5,SUMPRODUCT(--(tblChainRaw[Strike Price]=A16),--(tblChainRaw[Option Type]="PE"),tblChainRaw[Open Interest],GREEKS!L4:L2003)*s^2*ls) | F16: =D16-E16 | G16: =LET(ls,CONTROL!B5,SUMPRODUCT(--(tblChainRaw[Strike Price]=A16),--(tblChainRaw[Option Type]="CE"),tblChainRaw[Open Interest],GREEKS!M4:M2003)*ls) | H16: =LET(ls,CONTROL!B5,SUMPRODUCT(--(tblChainRaw[Strike Price]=A16),--(tblChainRaw[Option Type]="PE"),tblChainRaw[Open Interest],GREEKS!M4:M2003)*ls) | I16: =G16+H16
A17: =IF(CHAIN_CALC!B5="","",CHAIN_CALC!B5+(-87)*CONTROL!B6) | B17: =SUMIFS(tblChainRaw[Open Interest],tblChainRaw[Strike Price],A17,tblChainRaw[Option Type],"CE") | C17: =SUMIFS(tblChainRaw[Open Interest],tblChainRaw[Strike Price],A17,tblChainRaw[Option Type],"PE") | D17: =LET(s,CONTROL!B4,ls,CONTROL!B5,SUMPRODUCT(--(tblChainRaw[Strike Price]=A17),--(tblChainRaw[Option Type]="CE"),tblChainRaw[Open Interest],GREEKS!L4:L2003)*s^2*ls) | E17: =LET(s,CONTROL!B4,ls,CONTROL!B5,SUMPRODUCT(--(tblChainRaw[Strike Price]=A17),--(tblChainRaw[Option Type]="PE"),tblChainRaw[Open Interest],GREEKS!L4:L2003)*s^2*ls) | F17: =D17-E17 | G17: =LET(ls,CONTROL!B5,SUMPRODUCT(--(tblChainRaw[Strike Price]=A17),--(tblChainRaw[Option Type]="CE"),tblChainRaw[Open Interest],GREEKS!M4:M2003)*ls) | H17: =LET(ls,CONTROL!B5,SUMPRODUCT(--(tblChainRaw[Strike Price]=A17),--(tblChainRaw[Option Type]="PE"),tblChainRaw[Open Interest],GREEKS!M4:M2003)*ls) | I17: =G17+H17
A18: =IF(CHAIN_CALC!B5="","",CHAIN_CALC!B5+(-86)*CONTROL!B6) | B18: =SUMIFS(tblChainRaw[Open Interest],tblChainRaw[Strike Price],A18,tblChainRaw[Option Type],"CE") | C18: =SUMIFS(tblChainRaw[Open Interest],tblChainRaw[Strike Price],A18,tblChainRaw[Option Type],"PE") | D18: =LET(s,CONTROL!B4,ls,CONTROL!B5,SUMPRODUCT(--(tblChainRaw[Strike Price]=A18),--(tblChainRaw[Option Type]="CE"),tblChainRaw[Open Interest],GREEKS!L4:L2003)*s^2*ls) | E18: =LET(s,CONTROL!B4,ls,CONTROL!B5,SUMPRODUCT(--(tblChainRaw[Strike Price]=A18),--(tblChainRaw[Option Type]="PE"),tblChainRaw[Open Interest],GREEKS!L4:L2003)*s^2*ls) | F18: =D18-E18 | G18: =LET(ls,CONTROL!B5,SUMPRODUCT(--(tblChainRaw[Strike Price]=A18),--(tblChainRaw[Option Type]="CE"),tblChainRaw[Open Interest],GREEKS!M4:M2003)*ls) | H18: =LET(ls,CONTROL!B5,SUMPRODUCT(--(tblChainRaw[Strike Price]=A18),--(tblChainRaw[Option Type]="PE"),tblChainRaw[Open Interest],GREEKS!M4:M2003)*ls) | I18: =G18+H18
A19: =IF(CHAIN_CALC!B5="","",CHAIN_CALC!B5+(-85)*CONTROL!B6) | B19: =SUMIFS(tblChainRaw[Open Interest],tblChainRaw[Strike Price],A19,tblChainRaw[Option Type],"CE") | C19: =SUMIFS(tblChainRaw[Open Interest],tblChainRaw[Strike Price],A19,tblChainRaw[Option Type],"PE") | D19: =LET(s,CONTROL!B4,ls,CONTROL!B5,SUMPRODUCT(--(tblChainRaw[Strike Price]=A19),--(tblChainRaw[Option Type]="CE"),tblChainRaw[Open Interest],GREEKS!L4:L2003)*s^2*ls) | E19: =LET(s,CONTROL!B4,ls,CONTROL!B5,SUMPRODUCT(--(tblChainRaw[Strike Price]=A19),--(tblChainRaw[Option Type]="PE"),tblChainRaw[Open Interest],GREEKS!L4:L2003)*s^2*ls) | F19: =D19-E19 | G19: =LET(ls,CONTROL!B5,SUMPRODUCT(--(tblChainRaw[Strike Price]=A19),--(tblChainRaw[Option Type]="CE"),tblChainRaw[Open Interest],GREEKS!M4:M2003)*ls) | H19: =LET(ls,CONTROL!B5,SUMPRODUCT(--(tblChainRaw[Strike Price]=A19),--(tblChainRaw[Option Type]="PE"),tblChainRaw[Open Interest],GREEKS!M4:M2003)*ls) | I19: =G19+H19
A20: =IF(CHAIN_CALC!B5="","",CHAIN_CALC!B5+(-84)*CONTROL!B6) | B20: =SUMIFS(tblChainRaw[Open Interest],tblChainRaw[Strike Price],A20,tblChainRaw[Option Type],"CE") | C20: =SUMIFS(tblChainRaw[Open Interest],tblChainRaw[Strike Price],A20,tblChainRaw[Option Type],"PE") | D20: =LET(s,CONTROL!B4,ls,CONTROL!B5,SUMPRODUCT(--(tblChainRaw[Strike Price]=A20),--(tblChainRaw[Option Type]="CE"),tblChainRaw[Open Interest],GREEKS!L4:L2003)*s^2*ls) | E20: =LET(s,CONTROL!B4,ls,CONTROL!B5,SUMPRODUCT(--(tblChainRaw[Strike Price]=A20),--(tblChainRaw[Option Type]="PE"),tblChainRaw[Open Interest],GREEKS!L4:L2003)*s^2*ls) | F20: =D20-E20 | G20: =LET(ls,CONTROL!B5,SUMPRODUCT(--(tblChainRaw[Strike Price]=A20),--(tblChainRaw[Option Type]="CE"),tblChainRaw[Open Interest],GREEKS!M4:M2003)*ls) | H20: =LET(ls,CONTROL!B5,SUMPRODUCT(--(tblChainRaw[Strike Price]=A20),--(tblChainRaw[Option Type]="PE"),tblChainRaw[Open Interest],GREEKS!M4:M2003)*ls) | I20: =G20+H20
A21: =IF(CHAIN_CALC!B5="","",CHAIN_CALC!B5+(-83)*CONTROL!B6) | B21: =SUMIFS(tblChainRaw[Open Interest],tblChainRaw[Strike Price],A21,tblChainRaw[Option Type],"CE") | C21: =SUMIFS(tblChainRaw[Open Interest],tblChainRaw[Strike Price],A21,tblChainRaw[Option Type],"PE") | D21: =LET(s,CONTROL!B4,ls,CONTROL!B5,SUMPRODUCT(--(tblChainRaw[Strike Price]=A21),--(tblChainRaw[Option Type]="CE"),tblChainRaw[Open Interest],GREEKS!L4:L2003)*s^2*ls) | E21: =LET(s,CONTROL!B4,ls,CONTROL!B5,SUMPRODUCT(--(tblChainRaw[Strike Price]=A21),--(tblChainRaw[Option Type]="PE"),tblChainRaw[Open Interest],GREEKS!L4:L2003)*s^2*ls) | F21: =D21-E21 | G21: =LET(ls,CONTROL!B5,SUMPRODUCT(--(tblChainRaw[Strike Price]=A21),--(tblChainRaw[Option Type]="CE"),tblChainRaw[Open Interest],GREEKS!M4:M2003)*ls) | H21: =LET(ls,CONTROL!B5,SUMPRODUCT(--(tblChainRaw[Strike Price]=A21),--(tblChainRaw[Option Type]="PE"),tblChainRaw[Open Interest],GREEKS!M4:M2003)*ls) | I21: =G21+H21
A22: =IF(CHAIN_CALC!B5="","",CHAIN_CALC!B5+(-82)*CONTROL!B6) | B22: =SUMIFS(tblChainRaw[Open Interest],tblChainRaw[Strike Price],A22,tblChainRaw[Option Type],"CE") | C22: =SUMIFS(tblChainRaw[Open Interest],tblChainRaw[Strike Price],A22,tblChainRaw[Option Type],"PE") | D22: =LET(s,CONTROL!B4,ls,CONTROL!B5,SUMPRODUCT(--(tblChainRaw[Strike Price]=A22),--(tblChainRaw[Option Type]="CE"),tblChainRaw[Open Interest],GREEKS!L4:L2003)*s^2*ls) | E22: =LET(s,CONTROL!B4,ls,CONTROL!B5,SUMPRODUCT(--(tblChainRaw[Strike Price]=A22),--(tblChainRaw[Option Type]="PE"),tblChainRaw[Open Interest],GREEKS!L4:L2003)*s^2*ls) | F22: =D22-E22 | G22: =LET(ls,CONTROL!B5,SUMPRODUCT(--(tblChainRaw[Strike Price]=A22),--(tblChainRaw[Option Type]="CE"),tblChainRaw[Open Interest],GREEKS!M4:M2003)*ls) | H22: =LET(ls,CONTROL!B5,SUMPRODUCT(--(tblChainRaw[Strike Price]=A22),--(tblChainRaw[Option Type]="PE"),tblChainRaw[Open Interest],GREEKS!M4:M2003)*ls) | I22: =G22+H22
A23: =IF(CHAIN_CALC!B5="","",CHAIN_CALC!B5+(-81)*CONTROL!B6) | B23: =SUMIFS(tblChainRaw[Open Interest],tblChainRaw[Strike Price],A23,tblChainRaw[Option Type],"CE") | C23: =SUMIFS(tblChainRaw[Open Interest],tblChainRaw[Strike Price],A23,tblChainRaw[Option Type],"PE") | D23: =LET(s,CONTROL!B4,ls,CONTROL!B5,SUMPRODUCT(--(tblChainRaw[Strike Price]=A23),--(tblChainRaw[Option Type]="CE"),tblChainRaw[Open Interest],GREEKS!L4:L2003)*s^2*ls) | E23: =LET(s,CONTROL!B4,ls,CONTROL!B5,SUMPRODUCT(--(tblChainRaw[Strike Price]=A23),--(tblChainRaw[Option Type]="PE"),tblChainRaw[Open Interest],GREEKS!L4:L2003)*s^2*ls) | F23: =D23-E23 | G23: =LET(ls,CONTROL!B5,SUMPRODUCT(--(tblChainRaw[Strike Price]=A23),--(tblChainRaw[Option Type]="CE"),tblChainRaw[Open Interest],GREEKS!M4:M2003)*ls) | H23: =LET(ls,CONTROL!B5,SUMPRODUCT(--(tblChainRaw[Strike Price]=A23),--(tblChainRaw[Option Type]="PE"),tblChainRaw[Open Interest],GREEKS!M4:M2003)*ls) | I23: =G23+H23
A24: =IF(CHAIN_CALC!B5="","",CHAIN_CALC!B5+(-80)*CONTROL!B6) | B24: =SUMIFS(tblChainRaw[Open Interest],tblChainRaw[Strike Price],A24,tblChainRaw[Option Type],"CE") | C24: =SUMIFS(tblChainRaw[Open Interest],tblChainRaw[Strike Price],A24,tblChainRaw[Option Type],"PE") | D24: =LET(s,CONTROL!B4,ls,CONTROL!B5,SUMPRODUCT(--(tblChainRaw[Strike Price]=A24),--(tblChainRaw[Option Type]="CE"),tblChainRaw[Open Interest],GREEKS!L4:L2003)*s^2*ls) | E24: =LET(s,CONTROL!B4,ls,CONTROL!B5,SUMPRODUCT(--(tblChainRaw[Strike Price]=A24),--(tblChainRaw[Option Type]="PE"),tblChainRaw[Open Interest],GREEKS!L4:L2003)*s^2*ls) | F24: =D24-E24 | G24: =LET(ls,CONTROL!B5,SUMPRODUCT(--(tblChainRaw[Strike Price]=A24),--(tblChainRaw[Option Type]="CE"),tblChainRaw[Open Interest],GREEKS!M4:M2003)*ls) | H24: =LET(ls,CONTROL!B5,SUMPRODUCT(--(tblChainRaw[Strike Price]=A24),--(tblChainRaw[Option Type]="PE"),tblChainRaw[Open Interest],GREEKS!M4:M2003)*ls) | I24: =G24+H24
A25: =IF(CHAIN_CALC!B5="","",CHAIN_CALC!B5+(-79)*CONTROL!B6) | B25: =SUMIFS(tblChainRaw[Open Interest],tblChainRaw[Strike Price],A25,tblChainRaw[Option Type],"CE") | C25: =SUMIFS(tblChainRaw[Open Interest],tblChainRaw[Strike Price],A25,tblChainRaw[Option Type],"PE") | D25: =LET(s,CONTROL!B4,ls,CONTROL!B5,SUMPRODUCT(--(tblChainRaw[Strike Price]=A25),--(tblChainRaw[Option Type]="CE"),tblChainRaw[Open Interest],GREEKS!L4:L2003)*s^2*ls) | E25: =LET(s,CONTROL!B4,ls,CONTROL!B5,SUMPRODUCT(--(tblChainRaw[Strike Price]=A25),--(tblChainRaw[Option Type]="PE"),tblChainRaw[Open Interest],GREEKS!L4:L2003)*s^2*ls) | F25: =D25-E25 | G25: =LET(ls,CONTROL!B5,SUMPRODUCT(--(tblChainRaw[Strike Price]=A25),--(tblChainRaw[Option Type]="CE"),tblChainRaw[Open Interest],GREEKS!M4:M2003)*ls) | H25: =LET(ls,CONTROL!B5,SUMPRODUCT(--(tblChainRaw[Strike Price]=A25),--(tblChainRaw[Option Type]="PE"),tblChainRaw[Open Interest],GREEKS!M4:M2003)*ls) | I25: =G25+H25
A26: =IF(CHAIN_CALC!B5="","",CHAIN_CALC!B5+(-78)*CONTROL!B6) | B26: =SUMIFS(tblChainRaw[Open Interest],tblChainRaw[Strike Price],A26,tblChainRaw[Option Type],"CE") | C26: =SUMIFS(tblChainRaw[Open Interest],tblChainRaw[Strike Price],A26,tblChainRaw[Option Type],"PE") | D26: =LET(s,CONTROL!B4,ls,CONTROL!B5,SUMPRODUCT(--(tblChainRaw[Strike Price]=A26),--(tblChainRaw[Option Type]="CE"),tblChainRaw[Open Interest],GREEKS!L4:L2003)*s^2*ls) | E26: =LET(s,CONTROL!B4,ls,CONTROL!B5,SUMPRODUCT(--(tblChainRaw[Strike Price]=A26),--(tblChainRaw[Option Type]="PE"),tblChainRaw[Open Interest],GREEKS!L4:L2003)*s^2*ls) | F26: =D26-E26 | G26: =LET(ls,CONTROL!B5,SUMPRODUCT(--(tblChainRaw[Strike Price]=A26),--(tblChainRaw[Option Type]="CE"),tblChainRaw[Open Interest],GREEKS!M4:M2003)*ls) | H26: =LET(ls,CONTROL!B5,SUMPRODUCT(--(tblChainRaw[Strike Price]=A26),--(tblChainRaw[Option Type]="PE"),tblChainRaw[Open Interest],GREEKS!M4:M2003)*ls) | I26: =G26+H26
A27: =IF(CHAIN_CALC!B5="","",CHAIN_CALC!B5+(-77)*CONTROL!B6) | B27: =SUMIFS(tblChainRaw[Open Interest],tblChainRaw[Strike Price],A27,tblChainRaw[Option Type],"CE") | C27: =SUMIFS(tblChainRaw[Open Interest],tblChainRaw[Strike Price],A27,tblChainRaw[Option Type],"PE") | D27: =LET(s,CONTROL!B4,ls,CONTROL!B5,SUMPRODUCT(--(tblChainRaw[Strike Price]=A27),--(tblChainRaw[Option Type]="CE"),tblChainRaw[Open Interest],GREEKS!L4:L2003)*s^2*ls) | E27: =LET(s,CONTROL!B4,ls,CONTROL!B5,SUMPRODUCT(--(tblChainRaw[Strike Price]=A27),--(tblChainRaw[Option Type]="PE"),tblChainRaw[Open Interest],GREEKS!L4:L2003)*s^2*ls) | F27: =D27-E27 | G27: =LET(ls,CONTROL!B5,SUMPRODUCT(--(tblChainRaw[Strike Price]=A27),--(tblChainRaw[Option Type]="CE"),tblChainRaw[Open Interest],GREEKS!M4:M2003)*ls) | H27: =LET(ls,CONTROL!B5,SUMPRODUCT(--(tblChainRaw[Strike Price]=A27),--(tblChainRaw[Option Type]="PE"),tblChainRaw[Open Interest],GREEKS!M4:M2003)*ls) | I27: =G27+H27
A28: =IF(CHAIN_CALC!B5="","",CHAIN_CALC!B5+(-76)*CONTROL!B6) | B28: =SUMIFS(tblChainRaw[Open Interest],tblChainRaw[Strike Price],A28,tblChainRaw[Option Type],"CE") | C28: =SUMIFS(tblChainRaw[Open Interest],tblChainRaw[Strike Price],A28,tblChainRaw[Option Type],"PE") | D28: =LET(s,CONTROL!B4,ls,CONTROL!B5,SUMPRODUCT(--(tblChainRaw[Strike Price]=A28),--(tblChainRaw[Option Type]="CE"),tblChainRaw[Open Interest],GREEKS!L4:L2003)*s^2*ls) | E28: =LET(s,CONTROL!B4,ls,CONTROL!B5,SUMPRODUCT(--(tblChainRaw[Strike Price]=A28),--(tblChainRaw[Option Type]="PE"),tblChainRaw[Open Interest],GREEKS!L4:L2003)*s^2*ls) | F28: =D28-E28 | G28: =LET(ls,CONTROL!B5,SUMPRODUCT(--(tblChainRaw[Strike Price]=A28),--(tblChainRaw[Option Type]="CE"),tblChainRaw[Open Interest],GREEKS!M4:M2003)*ls) | H28: =LET(ls,CONTROL!B5,SUMPRODUCT(--(tblChainRaw[Strike Price]=A28),--(tblChainRaw[Option Type]="PE"),tblChainRaw[Open Interest],GREEKS!M4:M2003)*ls) | I28: =G28+H28
A29: =IF(CHAIN_CALC!B5="","",CHAIN_CALC!B5+(-75)*CONTROL!B6) | B29: =SUMIFS(tblChainRaw[Open Interest],tblChainRaw[Strike Price],A29,tblChainRaw[Option Type],"CE") | C29: =SUMIFS(tblChainRaw[Open Interest],tblChainRaw[Strike Price],A29,tblChainRaw[Option Type],"PE") | D29: =LET(s,CONTROL!B4,ls,CONTROL!B5,SUMPRODUCT(--(tblChainRaw[Strike Price]=A29),--(tblChainRaw[Option Type]="CE"),tblChainRaw[Open Interest],GREEKS!L4:L2003)*s^2*ls) | E29: =LET(s,CONTROL!B4,ls,CONTROL!B5,SUMPRODUCT(--(tblChainRaw[Strike Price]=A29),--(tblChainRaw[Option Type]="PE"),tblChainRaw[Open Interest],GREEKS!L4:L2003)*s^2*ls) | F29: =D29-E29 | G29: =LET(ls,CONTROL!B5,SUMPRODUCT(--(tblChainRaw[Strike Price]=A29),--(tblChainRaw[Option Type]="CE"),tblChainRaw[Open Interest],GREEKS!M4:M2003)*ls) | H29: =LET(ls,CONTROL!B5,SUMPRODUCT(--(tblChainRaw[Strike Price]=A29),--(tblChainRaw[Option Type]="PE"),tblChainRaw[Open Interest],GREEKS!M4:M2003)*ls) | I29: =G29+H29
A30: =IF(CHAIN_CALC!B5="","",CHAIN_CALC!B5+(-74)*CONTROL!B6) | B30: =SUMIFS(tblChainRaw[Open Interest],tblChainRaw[Strike Price],A30,tblChainRaw[Option Type],"CE") | C30: =SUMIFS(tblChainRaw[Open Interest],tblChainRaw[Strike Price],A30,tblChainRaw[Option Type],"PE") | D30: =LET(s,CONTROL!B4,ls,CONTROL!B5,SUMPRODUCT(--(tblChainRaw[Strike Price]=A30),--(tblChainRaw[Option Type]="CE"),tblChainRaw[Open Interest],GREEKS!L4:L2003)*s^2*ls) | E30: =LET(s,CONTROL!B4,ls,CONTROL!B5,SUMPRODUCT(--(tblChainRaw[Strike Price]=A30),--(tblChainRaw[Option Type]="PE"),tblChainRaw[Open Interest],GREEKS!L4:L2003)*s^2*ls) | F30: =D30-E30 | G30: =LET(ls,CONTROL!B5,SUMPRODUCT(--(tblChainRaw[Strike Price]=A30),--(tblChainRaw[Option Type]="CE"),tblChainRaw[Open Interest],GREEKS!M4:M2003)*ls) | H30: =LET(ls,CONTROL!B5,SUMPRODUCT(--(tblChainRaw[Strike Price]=A30),--(tblChainRaw[Option Type]="PE"),tblChainRaw[Open Interest],GREEKS!M4:M2003)*ls) | I30: =G30+H30
A31: =IF(CHAIN_CALC!B5="","",CHAIN_CALC!B5+(-73)*CONTROL!B6) | B31: =SUMIFS(tblChainRaw[Open Interest],tblChainRaw[Strike Price],A31,tblChainRaw[Option Type],"CE") | C31: =SUMIFS(tblChainRaw[Open Interest],tblChainRaw[Strike Price],A31,tblChainRaw[Option Type],"PE") | D31: =LET(s,CONTROL!B4,ls,CONTROL!B5,SUMPRODUCT(--(tblChainRaw[Strike Price]=A31),--(tblChainRaw[Option Type]="CE"),tblChainRaw[Open Interest],GREEKS!L4:L2003)*s^2*ls) | E31: =LET(s,CONTROL!B4,ls,CONTROL!B5,SUMPRODUCT(--(tblChainRaw[Strike Price]=A31),--(tblChainRaw[Option Type]="PE"),tblChainRaw[Open Interest],GREEKS!L4:L2003)*s^2*ls) | F31: =D31-E31 | G31: =LET(ls,CONTROL!B5,SUMPRODUCT(--(tblChainRaw[Strike Price]=A31),--(tblChainRaw[Option Type]="CE"),tblChainRaw[Open Interest],GREEKS!M4:M2003)*ls) | H31: =LET(ls,CONTROL!B5,SUMPRODUCT(--(tblChainRaw[Strike Price]=A31),--(tblChainRaw[Option Type]="PE"),tblChainRaw[Open Interest],GREEKS!M4:M2003)*ls) | I31: =G31+H31
A32: =IF(CHAIN_CALC!B5="","",CHAIN_CALC!B5+(-72)*CONTROL!B6) | B32: =SUMIFS(tblChainRaw[Open Interest],tblChainRaw[Strike Price],A32,tblChainRaw[Option Type],"CE") | C32: =SUMIFS(tblChainRaw[Open Interest],tblChainRaw[Strike Price],A32,tblChainRaw[Option Type],"PE") | D32: =LET(s,CONTROL!B4,ls,CONTROL!B5,SUMPRODUCT(--(tblChainRaw[Strike Price]=A32),--(tblChainRaw[Option Type]="CE"),tblChainRaw[Open Interest],GREEKS!L4:L2003)*s^2*ls) | E32: =LET(s,CONTROL!B4,ls,CONTROL!B5,SUMPRODUCT(--(tblChainRaw[Strike Price]=A32),--(tblChainRaw[Option Type]="PE"),tblChainRaw[Open Interest],GREEKS!L4:L2003)*s^2*ls) | F32: =D32-E32 | G32: =LET(ls,CONTROL!B5,SUMPRODUCT(--(tblChainRaw[Strike Price]=A32),--(tblChainRaw[Option Type]="CE"),tblChainRaw[Open Interest],GREEKS!M4:M2003)*ls) | H32: =LET(ls,CONTROL!B5,SUMPRODUCT(--(tblChainRaw[Strike Price]=A32),--(tblChainRaw[Option Type]="PE"),tblChainRaw[Open Interest],GREEKS!M4:M2003)*ls) | I32: =G32+H32
A33: =IF(CHAIN_CALC!B5="","",CHAIN_CALC!B5+(-71)*CONTROL!B6) | B33: =SUMIFS(tblChainRaw[Open Interest],tblChainRaw[Strike Price],A33,tblChainRaw[Option Type],"CE") | C33: =SUMIFS(tblChainRaw[Open Interest],tblChainRaw[Strike Price],A33,tblChainRaw[Option Type],"PE") | D33: =LET(s,CONTROL!B4,ls,CONTROL!B5,SUMPRODUCT(--(tblChainRaw[Strike Price]=A33),--(tblChainRaw[Option Type]="CE"),tblChainRaw[Open Interest],GREEKS!L4:L2003)*s^2*ls) | E33: =LET(s,CONTROL!B4,ls,CONTROL!B5,SUMPRODUCT(--(tblChainRaw[Strike Price]=A33),--(tblChainRaw[Option Type]="PE"),tblChainRaw[Open Interest],GREEKS!L4:L2003)*s^2*ls) | F33: =D33-E33 | G33: =LET(ls,CONTROL!B5,SUMPRODUCT(--(tblChainRaw[Strike Price]=A33),--(tblChainRaw[Option Type]="CE"),tblChainRaw[Open Interest],GREEKS!M4:M2003)*ls) | H33: =LET(ls,CONTROL!B5,SUMPRODUCT(--(tblChainRaw[Strike Price]=A33),--(tblChainRaw[Option Type]="PE"),tblChainRaw[Open Interest],GREEKS!M4:M2003)*ls) | I33: =G33+H33
A34: =IF(CHAIN_CALC!B5="","",CHAIN_CALC!B5+(-70)*CONTROL!B6) | B34: =SUMIFS(tblChainRaw[Open Interest],tblChainRaw[Strike Price],A34,tblChainRaw[Option Type],"CE") | C34: =SUMIFS(tblChainRaw[Open Interest],tblChainRaw[Strike Price],A34,tblChainRaw[Option Type],"PE") | D34: =LET(s,CONTROL!B4,ls,CONTROL!B5,SUMPRODUCT(--(tblChainRaw[Strike Price]=A34),--(tblChainRaw[Option Type]="CE"),tblChainRaw[Open Interest],GREEKS!L4:L2003)*s^2*ls) | E34: =LET(s,CONTROL!B4,ls,CONTROL!B5,SUMPRODUCT(--(tblChainRaw[Strike Price]=A34),--(tblChainRaw[Option Type]="PE"),tblChainRaw[Open Interest],GREEKS!L4:L2003)*s^2*ls) | F34: =D34-E34 | G34: =LET(ls,CONTROL!B5,SUMPRODUCT(--(tblChainRaw[Strike Price]=A34),--(tblChainRaw[Option Type]="CE"),tblChainRaw[Open Interest],GREEKS!M4:M2003)*ls) | H34: =LET(ls,CONTROL!B5,SUMPRODUCT(--(tblChainRaw[Strike Price]=A34),--(tblChainRaw[Option Type]="PE"),tblChainRaw[Open Interest],GREEKS!M4:M2003)*ls) | I34: =G34+H34
A35: =IF(CHAIN_CALC!B5="","",CHAIN_CALC!B5+(-69)*CONTROL!B6) | B35: =SUMIFS(tblChainRaw[Open Interest],tblChainRaw[Strike Price],A35,tblChainRaw[Option Type],"CE") | C35: =SUMIFS(tblChainRaw[Open Interest],tblChainRaw[Strike Price],A35,tblChainRaw[Option Type],"PE") | D35: =LET(s,CONTROL!B4,ls,CONTROL!B5,SUMPRODUCT(--(tblChainRaw[Strike Price]=A35),--(tblChainRaw[Option Type]="CE"),tblChainRaw[Open Interest],GREEKS!L4:L2003)*s^2*ls) | E35: =LET(s,CONTROL!B4,ls,CONTROL!B5,SUMPRODUCT(--(tblChainRaw[Strike Price]=A35),--(tblChainRaw[Option Type]="PE"),tblChainRaw[Open Interest],GREEKS!L4:L2003)*s^2*ls) | F35: =D35-E35 | G35: =LET(ls,CONTROL!B5,SUMPRODUCT(--(tblChainRaw[Strike Price]=A35),--(tblChainRaw[Option Type]="CE"),tblChainRaw[Open Interest],GREEKS!M4:M2003)*ls) | H35: =LET(ls,CONTROL!B5,SUMPRODUCT(--(tblChainRaw[Strike Price]=A35),--(tblChainRaw[Option Type]="PE"),tblChainRaw[Open Interest],GREEKS!M4:M2003)*ls) | I35: =G35+H35
A36: =IF(CHAIN_CALC!B5="","",CHAIN_CALC!B5+(-68)*CONTROL!B6) | B36: =SUMIFS(tblChainRaw[Open Interest],tblChainRaw[Strike Price],A36,tblChainRaw[Option Type],"CE") | C36: =SUMIFS(tblChainRaw[Open Interest],tblChainRaw[Strike Price],A36,tblChainRaw[Option Type],"PE") | D36: =LET(s,CONTROL!B4,ls,CONTROL!B5,SUMPRODUCT(--(tblChainRaw[Strike Price]=A36),--(tblChainRaw[Option Type]="CE"),tblChainRaw[Open Interest],GREEKS!L4:L2003)*s^2*ls) | E36: =LET(s,CONTROL!B4,ls,CONTROL!B5,SUMPRODUCT(--(tblChainRaw[Strike Price]=A36),--(tblChainRaw[Option Type]="PE"),tblChainRaw[Open Interest],GREEKS!L4:L2003)*s^2*ls) | F36: =D36-E36 | G36: =LET(ls,CONTROL!B5,SUMPRODUCT(--(tblChainRaw[Strike Price]=A36),--(tblChainRaw[Option Type]="CE"),tblChainRaw[Open Interest],GREEKS!M4:M2003)*ls) | H36: =LET(ls,CONTROL!B5,SUMPRODUCT(--(tblChainRaw[Strike Price]=A36),--(tblChainRaw[Option Type]="PE"),tblChainRaw[Open Interest],GREEKS!M4:M2003)*ls) | I36: =G36+H36
A37: =IF(CHAIN_CALC!B5="","",CHAIN_CALC!B5+(-67)*CONTROL!B6) | B37: =SUMIFS(tblChainRaw[Open Interest],tblChainRaw[Strike Price],A37,tblChainRaw[Option Type],"CE") | C37: =SUMIFS(tblChainRaw[Open Interest],tblChainRaw[Strike Price],A37,tblChainRaw[Option Type],"PE") | D37: =LET(s,CONTROL!B4,ls,CONTROL!B5,SUMPRODUCT(--(tblChainRaw[Strike Price]=A37),--(tblChainRaw[Option Type]="CE"),tblChainRaw[Open Interest],GREEKS!L4:L2003)*s^2*ls) | E37: =LET(s,CONTROL!B4,ls,CONTROL!B5,SUMPRODUCT(--(tblChainRaw[Strike Price]=A37),--(tblChainRaw[Option Type]="PE"),tblChainRaw[Open Interest],GREEKS!L4:L2003)*s^2*ls) | F37: =D37-E37 | G37: =LET(ls,CONTROL!B5,SUMPRODUCT(--(tblChainRaw[Strike Price]=A37),--(tblChainRaw[Option Type]="CE"),tblChainRaw[Open Interest],GREEKS!M4:M2003)*ls) | H37: =LET(ls,CONTROL!B5,SUMPRODUCT(--(tblChainRaw[Strike Price]=A37),--(tblChainRaw[Option Type]="PE"),tblChainRaw[Open Interest],GREEKS!M4:M2003)*ls) | I37: =G37+H37
A38: =IF(CHAIN_CALC!B5="","",CHAIN_CALC!B5+(-66)*CONTROL!B6) | B38: =SUMIFS(tblChainRaw[Open Interest],tblChainRaw[Strike Price],A38,tblChainRaw[Option Type],"CE") | C38: =SUMIFS(tblChainRaw[Open Interest],tblChainRaw[Strike Price],A38,tblChainRaw[Option Type],"PE") | D38: =LET(s,CONTROL!B4,ls,CONTROL!B5,SUMPRODUCT(--(tblChainRaw[Strike Price]=A38),--(tblChainRaw[Option Type]="CE"),tblChainRaw[Open Interest],GREEKS!L4:L2003)*s^2*ls) | E38: =LET(s,CONTROL!B4,ls,CONTROL!B5,SUMPRODUCT(--(tblChainRaw[Strike Price]=A38),--(tblChainRaw[Option Type]="PE"),tblChainRaw[Open Interest],GREEKS!L4:L2003)*s^2*ls) | F38: =D38-E38 | G38: =LET(ls,CONTROL!B5,SUMPRODUCT(--(tblChainRaw[Strike Price]=A38),--(tblChainRaw[Option Type]="CE"),tblChainRaw[Open Interest],GREEKS!M4:M2003)*ls) | H38: =LET(ls,CONTROL!B5,SUMPRODUCT(--(tblChainRaw[Strike Price]=A38),--(tblChainRaw[Option Type]="PE"),tblChainRaw[Open Interest],GREEKS!M4:M2003)*ls) | I38: =G38+H38
A39: =IF(CHAIN_CALC!B5="","",CHAIN_CALC!B5+(-65)*CONTROL!B6) | B39: =SUMIFS(tblChainRaw[Open Interest],tblChainRaw[Strike Price],A39,tblChainRaw[Option Type],"CE") | C39: =SUMIFS(tblChainRaw[Open Interest],tblChainRaw[Strike Price],A39,tblChainRaw[Option Type],"PE") | D39: =LET(s,CONTROL!B4,ls,CONTROL!B5,SUMPRODUCT(--(tblChainRaw[Strike Price]=A39),--(tblChainRaw[Option Type]="CE"),tblChainRaw[Open Interest],GREEKS!L4:L2003)*s^2*ls) | E39: =LET(s,CONTROL!B4,ls,CONTROL!B5,SUMPRODUCT(--(tblChainRaw[Strike Price]=A39),--(tblChainRaw[Option Type]="PE"),tblChainRaw[Open Interest],GREEKS!L4:L2003)*s^2*ls) | F39: =D39-E39 | G39: =LET(ls,CONTROL!B5,SUMPRODUCT(--(tblChainRaw[Strike Price]=A39),--(tblChainRaw[Option Type]="CE"),tblChainRaw[Open Interest],GREEKS!M4:M2003)*ls) | H39: =LET(ls,CONTROL!B5,SUMPRODUCT(--(tblChainRaw[Strike Price]=A39),--(tblChainRaw[Option Type]="PE"),tblChainRaw[Open Interest],GREEKS!M4:M2003)*ls) | I39: =G39+H39
A40: =IF(CHAIN_CALC!B5="","",CHAIN_CALC!B5+(-64)*CONTROL!B6) | B40: =SUMIFS(tblChainRaw[Open Interest],tblChainRaw[Strike Price],A40,tblChainRaw[Option Type],"CE") | C40: =SUMIFS(tblChainRaw[Open Interest],tblChainRaw[Strike Price],A40,tblChainRaw[Option Type],"PE") | D40: =LET(s,CONTROL!B4,ls,CONTROL!B5,SUMPRODUCT(--(tblChainRaw[Strike Price]=A40),--(tblChainRaw[Option Type]="CE"),tblChainRaw[Open Interest],GREEKS!L4:L2003)*s^2*ls) | E40: =LET(s,CONTROL!B4,ls,CONTROL!B5,SUMPRODUCT(--(tblChainRaw[Strike Price]=A40),--(tblChainRaw[Option Type]="PE"),tblChainRaw[Open Interest],GREEKS!L4:L2003)*s^2*ls) | F40: =D40-E40 | G40: =LET(ls,CONTROL!B5,SUMPRODUCT(--(tblChainRaw[Strike Price]=A40),--(tblChainRaw[Option Type]="CE"),tblChainRaw[Open Interest],GREEKS!M4:M2003)*ls) | H40: =LET(ls,CONTROL!B5,SUMPRODUCT(--(tblChainRaw[Strike Price]=A40),--(tblChainRaw[Option Type]="PE"),tblChainRaw[Open Interest],GREEKS!M4:M2003)*ls) | I40: =G40+H40
A41: =IF(CHAIN_CALC!B5="","",CHAIN_CALC!B5+(-63)*CONTROL!B6) | B41: =SUMIFS(tblChainRaw[Open Interest],tblChainRaw[Strike Price],A41,tblChainRaw[Option Type],"CE") | C41: =SUMIFS(tblChainRaw[Open Interest],tblChainRaw[Strike Price],A41,tblChainRaw[Option Type],"PE") | D41: =LET(s,CONTROL!B4,ls,CONTROL!B5,SUMPRODUCT(--(tblChainRaw[Strike Price]=A41),--(tblChainRaw[Option Type]="CE"),tblChainRaw[Open Interest],GREEKS!L4:L2003)*s^2*ls) | E41: =LET(s,CONTROL!B4,ls,CONTROL!B5,SUMPRODUCT(--(tblChainRaw[Strike Price]=A41),--(tblChainRaw[Option Type]="PE"),tblChainRaw[Open Interest],GREEKS!L4:L2003)*s^2*ls) | F41: =D41-E41 | G41: =LET(ls,CONTROL!B5,SUMPRODUCT(--(tblChainRaw[Strike Price]=A41),--(tblChainRaw[Option Type]="CE"),tblChainRaw[Open Interest],GREEKS!M4:M2003)*ls) | H41: =LET(ls,CONTROL!B5,SUMPRODUCT(--(tblChainRaw[Strike Price]=A41),--(tblChainRaw[Option Type]="PE"),tblChainRaw[Open Interest],GREEKS!M4:M2003)*ls) | I41: =G41+H41
A42: =IF(CHAIN_CALC!B5="","",CHAIN_CALC!B5+(-62)*CONTROL!B6) | B42: =SUMIFS(tblChainRaw[Open Interest],tblChainRaw[Strike Price],A42,tblChainRaw[Option Type],"CE") | C42: =SUMIFS(tblChainRaw[Open Interest],tblChainRaw[Strike Price],A42,tblChainRaw[Option Type],"PE") | D42: =LET(s,CONTROL!B4,ls,CONTROL!B5,SUMPRODUCT(--(tblChainRaw[Strike Price]=A42),--(tblChainRaw[Option Type]="CE"),tblChainRaw[Open Interest],GREEKS!L4:L2003)*s^2*ls) | E42: =LET(s,CONTROL!B4,ls,CONTROL!B5,SUMPRODUCT(--(tblChainRaw[Strike Price]=A42),--(tblChainRaw[Option Type]="PE"),tblChainRaw[Open Interest],GREEKS!L4:L2003)*s^2*ls) | F42: =D42-E42 | G42: =LET(ls,CONTROL!B5,SUMPRODUCT(--(tblChainRaw[Strike Price]=A42),--(tblChainRaw[Option Type]="CE"),tblChainRaw[Open Interest],GREEKS!M4:M2003)*ls) | H42: =LET(ls,CONTROL!B5,SUMPRODUCT(--(tblChainRaw[Strike Price]=A42),--(tblChainRaw[Option Type]="PE"),tblChainRaw[Open Interest],GREEKS!M4:M2003)*ls) | I42: =G42+H42
A43: =IF(CHAIN_CALC!B5="","",CHAIN_CALC!B5+(-61)*CONTROL!B6) | B43: =SUMIFS(tblChainRaw[Open Interest],tblChainRaw[Strike Price],A43,tblChainRaw[Option Type],"CE") | C43: =SUMIFS(tblChainRaw[Open Interest],tblChainRaw[Strike Price],A43,tblChainRaw[Option Type],"PE") | D43: =LET(s,CONTROL!B4,ls,CONTROL!B5,SUMPRODUCT(--(tblChainRaw[Strike Price]=A43),--(tblChainRaw[Option Type]="CE"),tblChainRaw[Open Interest],GREEKS!L4:L2003)*s^2*ls) | E43: =LET(s,CONTROL!B4,ls,CONTROL!B5,SUMPRODUCT(--(tblChainRaw[Strike Price]=A43),--(tblChainRaw[Option Type]="PE"),tblChainRaw[Open Interest],GREEKS!L4:L2003)*s^2*ls) | F43: =D43-E43 | G43: =LET(ls,CONTROL!B5,SUMPRODUCT(--(tblChainRaw[Strike Price]=A43),--(tblChainRaw[Option Type]="CE"),tblChainRaw[Open Interest],GREEKS!M4:M2003)*ls) | H43: =LET(ls,CONTROL!B5,SUMPRODUCT(--(tblChainRaw[Strike Price]=A43),--(tblChainRaw[Option Type]="PE"),tblChainRaw[Open Interest],GREEKS!M4:M2003)*ls) | I43: =G43+H43
A44: =IF(CHAIN_CALC!B5="","",CHAIN_CALC!B5+(-60)*CONTROL!B6) | B44: =SUMIFS(tblChainRaw[Open Interest],tblChainRaw[Strike Price],A44,tblChainRaw[Option Type],"CE") | C44: =SUMIFS(tblChainRaw[Open Interest],tblChainRaw[Strike Price],A44,tblChainRaw[Option Type],"PE") | D44: =LET(s,CONTROL!B4,ls,CONTROL!B5,SUMPRODUCT(--(tblChainRaw[Strike Price]=A44),--(tblChainRaw[Option Type]="CE"),tblChainRaw[Open Interest],GREEKS!L4:L2003)*s^2*ls) | E44: =LET(s,CONTROL!B4,ls,CONTROL!B5,SUMPRODUCT(--(tblChainRaw[Strike Price]=A44),--(tblChainRaw[Option Type]="PE"),tblChainRaw[Open Interest],GREEKS!L4:L2003)*s^2*ls) | F44: =D44-E44 | G44: =LET(ls,CONTROL!B5,SUMPRODUCT(--(tblChainRaw[Strike Price]=A44),--(tblChainRaw[Option Type]="CE"),tblChainRaw[Open Interest],GREEKS!M4:M2003)*ls) | H44: =LET(ls,CONTROL!B5,SUMPRODUCT(--(tblChainRaw[Strike Price]=A44),--(tblChainRaw[Option Type]="PE"),tblChainRaw[Open Interest],GREEKS!M4:M2003)*ls) | I44: =G44+H44
A45: =IF(CHAIN_CALC!B5="","",CHAIN_CALC!B5+(-59)*CONTROL!B6) | B45: =SUMIFS(tblChainRaw[Open Interest],tblChainRaw[Strike Price],A45,tblChainRaw[Option Type],"CE") | C45: =SUMIFS(tblChainRaw[Open Interest],tblChainRaw[Strike Price],A45,tblChainRaw[Option Type],"PE") | D45: =LET(s,CONTROL!B4,ls,CONTROL!B5,SUMPRODUCT(--(tblChainRaw[Strike Price]=A45),--(tblChainRaw[Option Type]="CE"),tblChainRaw[Open Interest],GREEKS!L4:L2003)*s^2*ls) | E45: =LET(s,CONTROL!B4,ls,CONTROL!B5,SUMPRODUCT(--(tblChainRaw[Strike Price]=A45),--(tblChainRaw[Option Type]="PE"),tblChainRaw[Open Interest],GREEKS!L4:L2003)*s^2*ls) | F45: =D45-E45 | G45: =LET(ls,CONTROL!B5,SUMPRODUCT(--(tblChainRaw[Strike Price]=A45),--(tblChainRaw[Option Type]="CE"),tblChainRaw[Open Interest],GREEKS!M4:M2003)*ls) | H45: =LET(ls,CONTROL!B5,SUMPRODUCT(--(tblChainRaw[Strike Price]=A45),--(tblChainRaw[Option Type]="PE"),tblChainRaw[Open Interest],GREEKS!M4:M2003)*ls) | I45: =G45+H45
A46: =IF(CHAIN_CALC!B5="","",CHAIN_CALC!B5+(-58)*CONTROL!B6) | B46: =SUMIFS(tblChainRaw[Open Interest],tblChainRaw[Strike Price],A46,tblChainRaw[Option Type],"CE") | C46: =SUMIFS(tblChainRaw[Open Interest],tblChainRaw[Strike Price],A46,tblChainRaw[Option Type],"PE") | D46: =LET(s,CONTROL!B4,ls,CONTROL!B5,SUMPRODUCT(--(tblChainRaw[Strike Price]=A46),--(tblChainRaw[Option Type]="CE"),tblChainRaw[Open Interest],GREEKS!L4:L2003)*s^2*ls) | E46: =LET(s,CONTROL!B4,ls,CONTROL!B5,SUMPRODUCT(--(tblChainRaw[Strike Price]=A46),--(tblChainRaw[Option Type]="PE"),tblChainRaw[Open Interest],GREEKS!L4:L2003)*s^2*ls) | F46: =D46-E46 | G46: =LET(ls,CONTROL!B5,SUMPRODUCT(--(tblChainRaw[Strike Price]=A46),--(tblChainRaw[Option Type]="CE"),tblChainRaw[Open Interest],GREEKS!M4:M2003)*ls) | H46: =LET(ls,CONTROL!B5,SUMPRODUCT(--(tblChainRaw[Strike Price]=A46),--(tblChainRaw[Option Type]="PE"),tblChainRaw[Open Interest],GREEKS!M4:M2003)*ls) | I46: =G46+H46
A47: =IF(CHAIN_CALC!B5="","",CHAIN_CALC!B5+(-57)*CONTROL!B6) | B47: =SUMIFS(tblChainRaw[Open Interest],tblChainRaw[Strike Price],A47,tblChainRaw[Option Type],"CE") | C47: =SUMIFS(tblChainRaw[Open Interest],tblChainRaw[Strike Price],A47,tblChainRaw[Option Type],"PE") | D47: =LET(s,CONTROL!B4,ls,CONTROL!B5,SUMPRODUCT(--(tblChainRaw[Strike Price]=A47),--(tblChainRaw[Option Type]="CE"),tblChainRaw[Open Interest],GREEKS!L4:L2003)*s^2*ls) | E47: =LET(s,CONTROL!B4,ls,CONTROL!B5,SUMPRODUCT(--(tblChainRaw[Strike Price]=A47),--(tblChainRaw[Option Type]="PE"),tblChainRaw[Open Interest],GREEKS!L4:L2003)*s^2*ls) | F47: =D47-E47 | G47: =LET(ls,CONTROL!B5,SUMPRODUCT(--(tblChainRaw[Strike Price]=A47),--(tblChainRaw[Option Type]="CE"),tblChainRaw[Open Interest],GREEKS!M4:M2003)*ls) | H47: =LET(ls,CONTROL!B5,SUMPRODUCT(--(tblChainRaw[Strike Price]=A47),--(tblChainRaw[Option Type]="PE"),tblChainRaw[Open Interest],GREEKS!M4:M2003)*ls) | I47: =G47+H47
A48: =IF(CHAIN_CALC!B5="","",CHAIN_CALC!B5+(-56)*CONTROL!B6) | B48: =SUMIFS(tblChainRaw[Open Interest],tblChainRaw[Strike Price],A48,tblChainRaw[Option Type],"CE") | C48: =SUMIFS(tblChainRaw[Open Interest],tblChainRaw[Strike Price],A48,tblChainRaw[Option Type],"PE") | D48: =LET(s,CONTROL!B4,ls,CONTROL!B5,SUMPRODUCT(--(tblChainRaw[Strike Price]=A48),--(tblChainRaw[Option Type]="CE"),tblChainRaw[Open Interest],GREEKS!L4:L2003)*s^2*ls) | E48: =LET(s,CONTROL!B4,ls,CONTROL!B5,SUMPRODUCT(--(tblChainRaw[Strike Price]=A48),--(tblChainRaw[Option Type]="PE"),tblChainRaw[Open Interest],GREEKS!L4:L2003)*s^2*ls) | F48: =D48-E48 | G48: =LET(ls,CONTROL!B5,SUMPRODUCT(--(tblChainRaw[Strike Price]=A48),--(tblChainRaw[Option Type]="CE"),tblChainRaw[Open Interest],GREEKS!M4:M2003)*ls) | H48: =LET(ls,CONTROL!B5,SUMPRODUCT(--(tblChainRaw[Strike Price]=A48),--(tblChainRaw[Option Type]="PE"),tblChainRaw[Open Interest],GREEKS!M4:M2003)*ls) | I48: =G48+H48
A49: =IF(CHAIN_CALC!B5="","",CHAIN_CALC!B5+(-55)*CONTROL!B6) | B49: =SUMIFS(tblChainRaw[Open Interest],tblChainRaw[Strike Price],A49,tblChainRaw[Option Type],"CE") | C49: =SUMIFS(tblChainRaw[Open Interest],tblChainRaw[Strike Price],A49,tblChainRaw[Option Type],"PE") | D49: =LET(s,CONTROL!B4,ls,CONTROL!B5,SUMPRODUCT(--(tblChainRaw[Strike Price]=A49),--(tblChainRaw[Option Type]="CE"),tblChainRaw[Open Interest],GREEKS!L4:L2003)*s^2*ls) | E49: =LET(s,CONTROL!B4,ls,CONTROL!B5,SUMPRODUCT(--(tblChainRaw[Strike Price]=A49),--(tblChainRaw[Option Type]="PE"),tblChainRaw[Open Interest],GREEKS!L4:L2003)*s^2*ls) | F49: =D49-E49 | G49: =LET(ls,CONTROL!B5,SUMPRODUCT(--(tblChainRaw[Strike Price]=A49),--(tblChainRaw[Option Type]="CE"),tblChainRaw[Open Interest],GREEKS!M4:M2003)*ls) | H49: =LET(ls,CONTROL!B5,SUMPRODUCT(--(tblChainRaw[Strike Price]=A49),--(tblChainRaw[Option Type]="PE"),tblChainRaw[Open Interest],GREEKS!M4:M2003)*ls) | I49: =G49+H49
A50: =IF(CHAIN_CALC!B5="","",CHAIN_CALC!B5+(-54)*CONTROL!B6) | B50: =SUMIFS(tblChainRaw[Open Interest],tblChainRaw[Strike Price],A50,tblChainRaw[Option Type],"CE") | C50: =SUMIFS(tblChainRaw[Open Interest],tblChainRaw[Strike Price],A50,tblChainRaw[Option Type],"PE") | D50: =LET(s,CONTROL!B4,ls,CONTROL!B5,SUMPRODUCT(--(tblChainRaw[Strike Price]=A50),--(tblChainRaw[Option Type]="CE"),tblChainRaw[Open Interest],GREEKS!L4:L2003)*s^2*ls) | E50: =LET(s,CONTROL!B4,ls,CONTROL!B5,SUMPRODUCT(--(tblChainRaw[Strike Price]=A50),--(tblChainRaw[Option Type]="PE"),tblChainRaw[Open Interest],GREEKS!L4:L2003)*s^2*ls) | F50: =D50-E50 | G50: =LET(ls,CONTROL!B5,SUMPRODUCT(--(tblChainRaw[Strike Price]=A50),--(tblChainRaw[Option Type]="CE"),tblChainRaw[Open Interest],GREEKS!M4:M2003)*ls) | H50: =LET(ls,CONTROL!B5,SUMPRODUCT(--(tblChainRaw[Strike Price]=A50),--(tblChainRaw[Option Type]="PE"),tblChainRaw[Open Interest],GREEKS!M4:M2003)*ls) | I50: =G50+H50
A51: =IF(CHAIN_CALC!B5="","",CHAIN_CALC!B5+(-53)*CONTROL!B6) | B51: =SUMIFS(tblChainRaw[Open Interest],tblChainRaw[Strike Price],A51,tblChainRaw[Option Type],"CE") | C51: =SUMIFS(tblChainRaw[Open Interest],tblChainRaw[Strike Price],A51,tblChainRaw[Option Type],"PE") | D51: =LET(s,CONTROL!B4,ls,CONTROL!B5,SUMPRODUCT(--(tblChainRaw[Strike Price]=A51),--(tblChainRaw[Option Type]="CE"),tblChainRaw[Open Interest],GREEKS!L4:L2003)*s^2*ls) | E51: =LET(s,CONTROL!B4,ls,CONTROL!B5,SUMPRODUCT(--(tblChainRaw[Strike Price]=A51),--(tblChainRaw[Option Type]="PE"),tblChainRaw[Open Interest],GREEKS!L4:L2003)*s^2*ls) | F51: =D51-E51 | G51: =LET(ls,CONTROL!B5,SUMPRODUCT(--(tblChainRaw[Strike Price]=A51),--(tblChainRaw[Option Type]="CE"),tblChainRaw[Open Interest],GREEKS!M4:M2003)*ls) | H51: =LET(ls,CONTROL!B5,SUMPRODUCT(--(tblChainRaw[Strike Price]=A51),--(tblChainRaw[Option Type]="PE"),tblChainRaw[Open Interest],GREEKS!M4:M2003)*ls) | I51: =G51+H51
A52: =IF(CHAIN_CALC!B5="","",CHAIN_CALC!B5+(-52)*CONTROL!B6) | B52: =SUMIFS(tblChainRaw[Open Interest],tblChainRaw[Strike Price],A52,tblChainRaw[Option Type],"CE") | C52: =SUMIFS(tblChainRaw[Open Interest],tblChainRaw[Strike Price],A52,tblChainRaw[Option Type],"PE") | D52: =LET(s,CONTROL!B4,ls,CONTROL!B5,SUMPRODUCT(--(tblChainRaw[Strike Price]=A52),--(tblChainRaw[Option Type]="CE"),tblChainRaw[Open Interest],GREEKS!L4:L2003)*s^2*ls) | E52: =LET(s,CONTROL!B4,ls,CONTROL!B5,SUMPRODUCT(--(tblChainRaw[Strike Price]=A52),--(tblChainRaw[Option Type]="PE"),tblChainRaw[Open Interest],GREEKS!L4:L2003)*s^2*ls) | F52: =D52-E52 | G52: =LET(ls,CONTROL!B5,SUMPRODUCT(--(tblChainRaw[Strike Price]=A52),--(tblChainRaw[Option Type]="CE"),tblChainRaw[Open Interest],GREEKS!M4:M2003)*ls) | H52: =LET(ls,CONTROL!B5,SUMPRODUCT(--(tblChainRaw[Strike Price]=A52),--(tblChainRaw[Option Type]="PE"),tblChainRaw[Open Interest],GREEKS!M4:M2003)*ls) | I52: =G52+H52
A53: =IF(CHAIN_CALC!B5="","",CHAIN_CALC!B5+(-51)*CONTROL!B6) | B53: =SUMIFS(tblChainRaw[Open Interest],tblChainRaw[Strike Price],A53,tblChainRaw[Option Type],"CE") | C53: =SUMIFS(tblChainRaw[Open Interest],tblChainRaw[Strike Price],A53,tblChainRaw[Option Type],"PE") | D53: =LET(s,CONTROL!B4,ls,CONTROL!B5,SUMPRODUCT(--(tblChainRaw[Strike Price]=A53),--(tblChainRaw[Option Type]="CE"),tblChainRaw[Open Interest],GREEKS!L4:L2003)*s^2*ls) | E53: =LET(s,CONTROL!B4,ls,CONTROL!B5,SUMPRODUCT(--(tblChainRaw[Strike Price]=A53),--(tblChainRaw[Option Type]="PE"),tblChainRaw[Open Interest],GREEKS!L4:L2003)*s^2*ls) | F53: =D53-E53 | G53: =LET(ls,CONTROL!B5,SUMPRODUCT(--(tblChainRaw[Strike Price]=A53),--(tblChainRaw[Option Type]="CE"),tblChainRaw[Open Interest],GREEKS!M4:M2003)*ls) | H53: =LET(ls,CONTROL!B5,SUMPRODUCT(--(tblChainRaw[Strike Price]=A53),--(tblChainRaw[Option Type]="PE"),tblChainRaw[Open Interest],GREEKS!M4:M2003)*ls) | I53: =G53+H53
A54: =IF(CHAIN_CALC!B5="","",CHAIN_CALC!B5+(-50)*CONTROL!B6) | B54: =SUMIFS(tblChainRaw[Open Interest],tblChainRaw[Strike Price],A54,tblChainRaw[Option Type],"CE") | C54: =SUMIFS(tblChainRaw[Open Interest],tblChainRaw[Strike Price],A54,tblChainRaw[Option Type],"PE") | D54: =LET(s,CONTROL!B4,ls,CONTROL!B5,SUMPRODUCT(--(tblChainRaw[Strike Price]=A54),--(tblChainRaw[Option Type]="CE"),tblChainRaw[Open Interest],GREEKS!L4:L2003)*s^2*ls) | E54: =LET(s,CONTROL!B4,ls,CONTROL!B5,SUMPRODUCT(--(tblChainRaw[Strike Price]=A54),--(tblChainRaw[Option Type]="PE"),tblChainRaw[Open Interest],GREEKS!L4:L2003)*s^2*ls) | F54: =D54-E54 | G54: =LET(ls,CONTROL!B5,SUMPRODUCT(--(tblChainRaw[Strike Price]=A54),--(tblChainRaw[Option Type]="CE"),tblChainRaw[Open Interest],GREEKS!M4:M2003)*ls) | H54: =LET(ls,CONTROL!B5,SUMPRODUCT(--(tblChainRaw[Strike Price]=A54),--(tblChainRaw[Option Type]="PE"),tblChainRaw[Open Interest],GREEKS!M4:M2003)*ls) | I54: =G54+H54
A55: =IF(CHAIN_CALC!B5="","",CHAIN_CALC!B5+(-49)*CONTROL!B6) | B55: =SUMIFS(tblChainRaw[Open Interest],tblChainRaw[Strike Price],A55,tblChainRaw[Option Type],"CE") | C55: =SUMIFS(tblChainRaw[Open Interest],tblChainRaw[Strike Price],A55,tblChainRaw[Option Type],"PE") | D55: =LET(s,CONTROL!B4,ls,CONTROL!B5,SUMPRODUCT(--(tblChainRaw[Strike Price]=A55),--(tblChainRaw[Option Type]="CE"),tblChainRaw[Open Interest],GREEKS!L4:L2003)*s^2*ls) | E55: =LET(s,CONTROL!B4,ls,CONTROL!B5,SUMPRODUCT(--(tblChainRaw[Strike Price]=A55),--(tblChainRaw[Option Type]="PE"),tblChainRaw[Open Interest],GREEKS!L4:L2003)*s^2*ls) | F55: =D55-E55 | G55: =LET(ls,CONTROL!B5,SUMPRODUCT(--(tblChainRaw[Strike Price]=A55),--(tblChainRaw[Option Type]="CE"),tblChainRaw[Open Interest],GREEKS!M4:M2003)*ls) | H55: =LET(ls,CONTROL!B5,SUMPRODUCT(--(tblChainRaw[Strike Price]=A55),--(tblChainRaw[Option Type]="PE"),tblChainRaw[Open Interest],GREEKS!M4:M2003)*ls) | I55: =G55+H55
A56: =IF(CHAIN_CALC!B5="","",CHAIN_CALC!B5+(-48)*CONTROL!B6) | B56: =SUMIFS(tblChainRaw[Open Interest],tblChainRaw[Strike Price],A56,tblChainRaw[Option Type],"CE") | C56: =SUMIFS(tblChainRaw[Open Interest],tblChainRaw[Strike Price],A56,tblChainRaw[Option Type],"PE") | D56: =LET(s,CONTROL!B4,ls,CONTROL!B5,SUMPRODUCT(--(tblChainRaw[Strike Price]=A56),--(tblChainRaw[Option Type]="CE"),tblChainRaw[Open Interest],GREEKS!L4:L2003)*s^2*ls) | E56: =LET(s,CONTROL!B4,ls,CONTROL!B5,SUMPRODUCT(--(tblChainRaw[Strike Price]=A56),--(tblChainRaw[Option Type]="PE"),tblChainRaw[Open Interest],GREEKS!L4:L2003)*s^2*ls) | F56: =D56-E56 | G56: =LET(ls,CONTROL!B5,SUMPRODUCT(--(tblChainRaw[Strike Price]=A56),--(tblChainRaw[Option Type]="CE"),tblChainRaw[Open Interest],GREEKS!M4:M2003)*ls) | H56: =LET(ls,CONTROL!B5,SUMPRODUCT(--(tblChainRaw[Strike Price]=A56),--(tblChainRaw[Option Type]="PE"),tblChainRaw[Open Interest],GREEKS!M4:M2003)*ls) | I56: =G56+H56
A57: =IF(CHAIN_CALC!B5="","",CHAIN_CALC!B5+(-47)*CONTROL!B6) | B57: =SUMIFS(tblChainRaw[Open Interest],tblChainRaw[Strike Price],A57,tblChainRaw[Option Type],"CE") | C57: =SUMIFS(tblChainRaw[Open Interest],tblChainRaw[Strike Price],A57,tblChainRaw[Option Type],"PE") | D57: =LET(s,CONTROL!B4,ls,CONTROL!B5,SUMPRODUCT(--(tblChainRaw[Strike Price]=A57),--(tblChainRaw[Option Type]="CE"),tblChainRaw[Open Interest],GREEKS!L4:L2003)*s^2*ls) | E57: =LET(s,CONTROL!B4,ls,CONTROL!B5,SUMPRODUCT(--(tblChainRaw[Strike Price]=A57),--(tblChainRaw[Option Type]="PE"),tblChainRaw[Open Interest],GREEKS!L4:L2003)*s^2*ls) | F57: =D57-E57 | G57: =LET(ls,CONTROL!B5,SUMPRODUCT(--(tblChainRaw[Strike Price]=A57),--(tblChainRaw[Option Type]="CE"),tblChainRaw[Open Interest],GREEKS!M4:M2003)*ls) | H57: =LET(ls,CONTROL!B5,SUMPRODUCT(--(tblChainRaw[Strike Price]=A57),--(tblChainRaw[Option Type]="PE"),tblChainRaw[Open Interest],GREEKS!M4:M2003)*ls) | I57: =G57+H57
A58: =IF(CHAIN_CALC!B5="","",CHAIN_CALC!B5+(-46)*CONTROL!B6) | B58: =SUMIFS(tblChainRaw[Open Interest],tblChainRaw[Strike Price],A58,tblChainRaw[Option Type],"CE") | C58: =SUMIFS(tblChainRaw[Open Interest],tblChainRaw[Strike Price],A58,tblChainRaw[Option Type],"PE") | D58: =LET(s,CONTROL!B4,ls,CONTROL!B5,SUMPRODUCT(--(tblChainRaw[Strike Price]=A58),--(tblChainRaw[Option Type]="CE"),tblChainRaw[Open Interest],GREEKS!L4:L2003)*s^2*ls) | E58: =LET(s,CONTROL!B4,ls,CONTROL!B5,SUMPRODUCT(--(tblChainRaw[Strike Price]=A58),--(tblChainRaw[Option Type]="PE"),tblChainRaw[Open Interest],GREEKS!L4:L2003)*s^2*ls) | F58: =D58-E58 | G58: =LET(ls,CONTROL!B5,SUMPRODUCT(--(tblChainRaw[Strike Price]=A58),--(tblChainRaw[Option Type]="CE"),tblChainRaw[Open Interest],GREEKS!M4:M2003)*ls) | H58: =LET(ls,CONTROL!B5,SUMPRODUCT(--(tblChainRaw[Strike Price]=A58),--(tblChainRaw[Option Type]="PE"),tblChainRaw[Open Interest],GREEKS!M4:M2003)*ls) | I58: =G58+H58
A59: =IF(CHAIN_CALC!B5="","",CHAIN_CALC!B5+(-45)*CONTROL!B6) | B59: =SUMIFS(tblChainRaw[Open Interest],tblChainRaw[Strike Price],A59,tblChainRaw[Option Type],"CE") | C59: =SUMIFS(tblChainRaw[Open Interest],tblChainRaw[Strike Price],A59,tblChainRaw[Option Type],"PE") | D59: =LET(s,CONTROL!B4,ls,CONTROL!B5,SUMPRODUCT(--(tblChainRaw[Strike Price]=A59),--(tblChainRaw[Option Type]="CE"),tblChainRaw[Open Interest],GREEKS!L4:L2003)*s^2*ls) | E59: =LET(s,CONTROL!B4,ls,CONTROL!B5,SUMPRODUCT(--(tblChainRaw[Strike Price]=A59),--(tblChainRaw[Option Type]="PE"),tblChainRaw[Open Interest],GREEKS!L4:L2003)*s^2*ls) | F59: =D59-E59 | G59: =LET(ls,CONTROL!B5,SUMPRODUCT(--(tblChainRaw[Strike Price]=A59),--(tblChainRaw[Option Type]="CE"),tblChainRaw[Open Interest],GREEKS!M4:M2003)*ls) | H59: =LET(ls,CONTROL!B5,SUMPRODUCT(--(tblChainRaw[Strike Price]=A59),--(tblChainRaw[Option Type]="PE"),tblChainRaw[Open Interest],GREEKS!M4:M2003)*ls) | I59: =G59+H59
A60: =IF(CHAIN_CALC!B5="","",CHAIN_CALC!B5+(-44)*CONTROL!B6) | B60: =SUMIFS(tblChainRaw[Open Interest],tblChainRaw[Strike Price],A60,tblChainRaw[Option Type],"CE") | C60: =SUMIFS(tblChainRaw[Open Interest],tblChainRaw[Strike Price],A60,tblChainRaw[Option Type],"PE") | D60: =LET(s,CONTROL!B4,ls,CONTROL!B5,SUMPRODUCT(--(tblChainRaw[Strike Price]=A60),--(tblChainRaw[Option Type]="CE"),tblChainRaw[Open Interest],GREEKS!L4:L2003)*s^2*ls) | E60: =LET(s,CONTROL!B4,ls,CONTROL!B5,SUMPRODUCT(--(tblChainRaw[Strike Price]=A60),--(tblChainRaw[Option Type]="PE"),tblChainRaw[Open Interest],GREEKS!L4:L2003)*s^2*ls) | F60: =D60-E60 | G60: =LET(ls,CONTROL!B5,SUMPRODUCT(--(tblChainRaw[Strike Price]=A60),--(tblChainRaw[Option Type]="CE"),tblChainRaw[Open Interest],GREEKS!M4:M2003)*ls) | H60: =LET(ls,CONTROL!B5,SUMPRODUCT(--(tblChainRaw[Strike Price]=A60),--(tblChainRaw[Option Type]="PE"),tblChainRaw[Open Interest],GREEKS!M4:M2003)*ls) | I60: =G60+H60
A61: =IF(CHAIN_CALC!B5="","",CHAIN_CALC!B5+(-43)*CONTROL!B6) | B61: =SUMIFS(tblChainRaw[Open Interest],tblChainRaw[Strike Price],A61,tblChainRaw[Option Type],"CE") | C61: =SUMIFS(tblChainRaw[Open Interest],tblChainRaw[Strike Price],A61,tblChainRaw[Option Type],"PE") | D61: =LET(s,CONTROL!B4,ls,CONTROL!B5,SUMPRODUCT(--(tblChainRaw[Strike Price]=A61),--(tblChainRaw[Option Type]="CE"),tblChainRaw[Open Interest],GREEKS!L4:L2003)*s^2*ls) | E61: =LET(s,CONTROL!B4,ls,CONTROL!B5,SUMPRODUCT(--(tblChainRaw[Strike Price]=A61),--(tblChainRaw[Option Type]="PE"),tblChainRaw[Open Interest],GREEKS!L4:L2003)*s^2*ls) | F61: =D61-E61 | G61: =LET(ls,CONTROL!B5,SUMPRODUCT(--(tblChainRaw[Strike Price]=A61),--(tblChainRaw[Option Type]="CE"),tblChainRaw[Open Interest],GREEKS!M4:M2003)*ls) | H61: =LET(ls,CONTROL!B5,SUMPRODUCT(--(tblChainRaw[Strike Price]=A61),--(tblChainRaw[Option Type]="PE"),tblChainRaw[Open Interest],GREEKS!M4:M2003)*ls) | I61: =G61+H61
A62: =IF(CHAIN_CALC!B5="","",CHAIN_CALC!B5+(-42)*CONTROL!B6) | B62: =SUMIFS(tblChainRaw[Open Interest],tblChainRaw[Strike Price],A62,tblChainRaw[Option Type],"CE") | C62: =SUMIFS(tblChainRaw[Open Interest],tblChainRaw[Strike Price],A62,tblChainRaw[Option Type],"PE") | D62: =LET(s,CONTROL!B4,ls,CONTROL!B5,SUMPRODUCT(--(tblChainRaw[Strike Price]=A62),--(tblChainRaw[Option Type]="CE"),tblChainRaw[Open Interest],GREEKS!L4:L2003)*s^2*ls) | E62: =LET(s,CONTROL!B4,ls,CONTROL!B5,SUMPRODUCT(--(tblChainRaw[Strike Price]=A62),--(tblChainRaw[Option Type]="PE"),tblChainRaw[Open Interest],GREEKS!L4:L2003)*s^2*ls) | F62: =D62-E62 | G62: =LET(ls,CONTROL!B5,SUMPRODUCT(--(tblChainRaw[Strike Price]=A62),--(tblChainRaw[Option Type]="CE"),tblChainRaw[Open Interest],GREEKS!M4:M2003)*ls) | H62: =LET(ls,CONTROL!B5,SUMPRODUCT(--(tblChainRaw[Strike Price]=A62),--(tblChainRaw[Option Type]="PE"),tblChainRaw[Open Interest],GREEKS!M4:M2003)*ls) | I62: =G62+H62
A63: =IF(CHAIN_CALC!B5="","",CHAIN_CALC!B5+(-41)*CONTROL!B6) | B63: =SUMIFS(tblChainRaw[Open Interest],tblChainRaw[Strike Price],A63,tblChainRaw[Option Type],"CE") | C63: =SUMIFS(tblChainRaw[Open Interest],tblChainRaw[Strike Price],A63,tblChainRaw[Option Type],"PE") | D63: =LET(s,CONTROL!B4,ls,CONTROL!B5,SUMPRODUCT(--(tblChainRaw[Strike Price]=A63),--(tblChainRaw[Option Type]="CE"),tblChainRaw[Open Interest],GREEKS!L4:L2003)*s^2*ls) | E63: =LET(s,CONTROL!B4,ls,CONTROL!B5,SUMPRODUCT(--(tblChainRaw[Strike Price]=A63),--(tblChainRaw[Option Type]="PE"),tblChainRaw[Open Interest],GREEKS!L4:L2003)*s^2*ls) | F63: =D63-E63 | G63: =LET(ls,CONTROL!B5,SUMPRODUCT(--(tblChainRaw[Strike Price]=A63),--(tblChainRaw[Option Type]="CE"),tblChainRaw[Open Interest],GREEKS!M4:M2003)*ls) | H63: =LET(ls,CONTROL!B5,SUMPRODUCT(--(tblChainRaw[Strike Price]=A63),--(tblChainRaw[Option Type]="PE"),tblChainRaw[Open Interest],GREEKS!M4:M2003)*ls) | I63: =G63+H63
A64: =IF(CHAIN_CALC!B5="","",CHAIN_CALC!B5+(-40)*CONTROL!B6) | B64: =SUMIFS(tblChainRaw[Open Interest],tblChainRaw[Strike Price],A64,tblChainRaw[Option Type],"CE") | C64: =SUMIFS(tblChainRaw[Open Interest],tblChainRaw[Strike Price],A64,tblChainRaw[Option Type],"PE") | D64: =LET(s,CONTROL!B4,ls,CONTROL!B5,SUMPRODUCT(--(tblChainRaw[Strike Price]=A64),--(tblChainRaw[Option Type]="CE"),tblChainRaw[Open Interest],GREEKS!L4:L2003)*s^2*ls) | E64: =LET(s,CONTROL!B4,ls,CONTROL!B5,SUMPRODUCT(--(tblChainRaw[Strike Price]=A64),--(tblChainRaw[Option Type]="PE"),tblChainRaw[Open Interest],GREEKS!L4:L2003)*s^2*ls) | F64: =D64-E64 | G64: =LET(ls,CONTROL!B5,SUMPRODUCT(--(tblChainRaw[Strike Price]=A64),--(tblChainRaw[Option Type]="CE"),tblChainRaw[Open Interest],GREEKS!M4:M2003)*ls) | H64: =LET(ls,CONTROL!B5,SUMPRODUCT(--(tblChainRaw[Strike Price]=A64),--(tblChainRaw[Option Type]="PE"),tblChainRaw[Open Interest],GREEKS!M4:M2003)*ls) | I64: =G64+H64
A65: =IF(CHAIN_CALC!B5="","",CHAIN_CALC!B5+(-39)*CONTROL!B6) | B65: =SUMIFS(tblChainRaw[Open Interest],tblChainRaw[Strike Price],A65,tblChainRaw[Option Type],"CE") | C65: =SUMIFS(tblChainRaw[Open Interest],tblChainRaw[Strike Price],A65,tblChainRaw[Option Type],"PE") | D65: =LET(s,CONTROL!B4,ls,CONTROL!B5,SUMPRODUCT(--(tblChainRaw[Strike Price]=A65),--(tblChainRaw[Option Type]="CE"),tblChainRaw[Open Interest],GREEKS!L4:L2003)*s^2*ls) | E65: =LET(s,CONTROL!B4,ls,CONTROL!B5,SUMPRODUCT(--(tblChainRaw[Strike Price]=A65),--(tblChainRaw[Option Type]="PE"),tblChainRaw[Open Interest],GREEKS!L4:L2003)*s^2*ls) | F65: =D65-E65 | G65: =LET(ls,CONTROL!B5,SUMPRODUCT(--(tblChainRaw[Strike Price]=A65),--(tblChainRaw[Option Type]="CE"),tblChainRaw[Open Interest],GREEKS!M4:M2003)*ls) | H65: =LET(ls,CONTROL!B5,SUMPRODUCT(--(tblChainRaw[Strike Price]=A65),--(tblChainRaw[Option Type]="PE"),tblChainRaw[Open Interest],GREEKS!M4:M2003)*ls) | I65: =G65+H65
A66: =IF(CHAIN_CALC!B5="","",CHAIN_CALC!B5+(-38)*CONTROL!B6) | B66: =SUMIFS(tblChainRaw[Open Interest],tblChainRaw[Strike Price],A66,tblChainRaw[Option Type],"CE") | C66: =SUMIFS(tblChainRaw[Open Interest],tblChainRaw[Strike Price],A66,tblChainRaw[Option Type],"PE") | D66: =LET(s,CONTROL!B4,ls,CONTROL!B5,SUMPRODUCT(--(tblChainRaw[Strike Price]=A66),--(tblChainRaw[Option Type]="CE"),tblChainRaw[Open Interest],GREEKS!L4:L2003)*s^2*ls) | E66: =LET(s,CONTROL!B4,ls,CONTROL!B5,SUMPRODUCT(--(tblChainRaw[Strike Price]=A66),--(tblChainRaw[Option Type]="PE"),tblChainRaw[Open Interest],GREEKS!L4:L2003)*s^2*ls) | F66: =D66-E66 | G66: =LET(ls,CONTROL!B5,SUMPRODUCT(--(tblChainRaw[Strike Price]=A66),--(tblChainRaw[Option Type]="CE"),tblChainRaw[Open Interest],GREEKS!M4:M2003)*ls) | H66: =LET(ls,CONTROL!B5,SUMPRODUCT(--(tblChainRaw[Strike Price]=A66),--(tblChainRaw[Option Type]="PE"),tblChainRaw[Open Interest],GREEKS!M4:M2003)*ls) | I66: =G66+H66
A67: =IF(CHAIN_CALC!B5="","",CHAIN_CALC!B5+(-37)*CONTROL!B6) | B67: =SUMIFS(tblChainRaw[Open Interest],tblChainRaw[Strike Price],A67,tblChainRaw[Option Type],"CE") | C67: =SUMIFS(tblChainRaw[Open Interest],tblChainRaw[Strike Price],A67,tblChainRaw[Option Type],"PE") | D67: =LET(s,CONTROL!B4,ls,CONTROL!B5,SUMPRODUCT(--(tblChainRaw[Strike Price]=A67),--(tblChainRaw[Option Type]="CE"),tblChainRaw[Open Interest],GREEKS!L4:L2003)*s^2*ls) | E67: =LET(s,CONTROL!B4,ls,CONTROL!B5,SUMPRODUCT(--(tblChainRaw[Strike Price]=A67),--(tblChainRaw[Option Type]="PE"),tblChainRaw[Open Interest],GREEKS!L4:L2003)*s^2*ls) | F67: =D67-E67 | G67: =LET(ls,CONTROL!B5,SUMPRODUCT(--(tblChainRaw[Strike Price]=A67),--(tblChainRaw[Option Type]="CE"),tblChainRaw[Open Interest],GREEKS!M4:M2003)*ls) | H67: =LET(ls,CONTROL!B5,SUMPRODUCT(--(tblChainRaw[Strike Price]=A67),--(tblChainRaw[Option Type]="PE"),tblChainRaw[Open Interest],GREEKS!M4:M2003)*ls) | I67: =G67+H67
A68: =IF(CHAIN_CALC!B5="","",CHAIN_CALC!B5+(-36)*CONTROL!B6) | B68: =SUMIFS(tblChainRaw[Open Interest],tblChainRaw[Strike Price],A68,tblChainRaw[Option Type],"CE") | C68: =SUMIFS(tblChainRaw[Open Interest],tblChainRaw[Strike Price],A68,tblChainRaw[Option Type],"PE") | D68: =LET(s,CONTROL!B4,ls,CONTROL!B5,SUMPRODUCT(--(tblChainRaw[Strike Price]=A68),--(tblChainRaw[Option Type]="CE"),tblChainRaw[Open Interest],GREEKS!L4:L2003)*s^2*ls) | E68: =LET(s,CONTROL!B4,ls,CONTROL!B5,SUMPRODUCT(--(tblChainRaw[Strike Price]=A68),--(tblChainRaw[Option Type]="PE"),tblChainRaw[Open Interest],GREEKS!L4:L2003)*s^2*ls) | F68: =D68-E68 | G68: =LET(ls,CONTROL!B5,SUMPRODUCT(--(tblChainRaw[Strike Price]=A68),--(tblChainRaw[Option Type]="CE"),tblChainRaw[Open Interest],GREEKS!M4:M2003)*ls) | H68: =LET(ls,CONTROL!B5,SUMPRODUCT(--(tblChainRaw[Strike Price]=A68),--(tblChainRaw[Option Type]="PE"),tblChainRaw[Open Interest],GREEKS!M4:M2003)*ls) | I68: =G68+H68
A69: =IF(CHAIN_CALC!B5="","",CHAIN_CALC!B5+(-35)*CONTROL!B6) | B69: =SUMIFS(tblChainRaw[Open Interest],tblChainRaw[Strike Price],A69,tblChainRaw[Option Type],"CE") | C69: =SUMIFS(tblChainRaw[Open Interest],tblChainRaw[Strike Price],A69,tblChainRaw[Option Type],"PE") | D69: =LET(s,CONTROL!B4,ls,CONTROL!B5,SUMPRODUCT(--(tblChainRaw[Strike Price]=A69),--(tblChainRaw[Option Type]="CE"),tblChainRaw[Open Interest],GREEKS!L4:L2003)*s^2*ls) | E69: =LET(s,CONTROL!B4,ls,CONTROL!B5,SUMPRODUCT(--(tblChainRaw[Strike Price]=A69),--(tblChainRaw[Option Type]="PE"),tblChainRaw[Open Interest],GREEKS!L4:L2003)*s^2*ls) | F69: =D69-E69 | G69: =LET(ls,CONTROL!B5,SUMPRODUCT(--(tblChainRaw[Strike Price]=A69),--(tblChainRaw[Option Type]="CE"),tblChainRaw[Open Interest],GREEKS!M4:M2003)*ls) | H69: =LET(ls,CONTROL!B5,SUMPRODUCT(--(tblChainRaw[Strike Price]=A69),--(tblChainRaw[Option Type]="PE"),tblChainRaw[Open Interest],GREEKS!M4:M2003)*ls) | I69: =G69+H69
A70: =IF(CHAIN_CALC!B5="","",CHAIN_CALC!B5+(-34)*CONTROL!B6) | B70: =SUMIFS(tblChainRaw[Open Interest],tblChainRaw[Strike Price],A70,tblChainRaw[Option Type],"CE") | C70: =SUMIFS(tblChainRaw[Open Interest],tblChainRaw[Strike Price],A70,tblChainRaw[Option Type],"PE") | D70: =LET(s,CONTROL!B4,ls,CONTROL!B5,SUMPRODUCT(--(tblChainRaw[Strike Price]=A70),--(tblChainRaw[Option Type]="CE"),tblChainRaw[Open Interest],GREEKS!L4:L2003)*s^2*ls) | E70: =LET(s,CONTROL!B4,ls,CONTROL!B5,SUMPRODUCT(--(tblChainRaw[Strike Price]=A70),--(tblChainRaw[Option Type]="PE"),tblChainRaw[Open Interest],GREEKS!L4:L2003)*s^2*ls) | F70: =D70-E70 | G70: =LET(ls,CONTROL!B5,SUMPRODUCT(--(tblChainRaw[Strike Price]=A70),--(tblChainRaw[Option Type]="CE"),tblChainRaw[Open Interest],GREEKS!M4:M2003)*ls) | H70: =LET(ls,CONTROL!B5,SUMPRODUCT(--(tblChainRaw[Strike Price]=A70),--(tblChainRaw[Option Type]="PE"),tblChainRaw[Open Interest],GREEKS!M4:M2003)*ls) | I70: =G70+H70
A71: =IF(CHAIN_CALC!B5="","",CHAIN_CALC!B5+(-33)*CONTROL!B6) | B71: =SUMIFS(tblChainRaw[Open Interest],tblChainRaw[Strike Price],A71,tblChainRaw[Option Type],"CE") | C71: =SUMIFS(tblChainRaw[Open Interest],tblChainRaw[Strike Price],A71,tblChainRaw[Option Type],"PE") | D71: =LET(s,CONTROL!B4,ls,CONTROL!B5,SUMPRODUCT(--(tblChainRaw[Strike Price]=A71),--(tblChainRaw[Option Type]="CE"),tblChainRaw[Open Interest],GREEKS!L4:L2003)*s^2*ls) | E71: =LET(s,CONTROL!B4,ls,CONTROL!B5,SUMPRODUCT(--(tblChainRaw[Strike Price]=A71),--(tblChainRaw[Option Type]="PE"),tblChainRaw[Open Interest],GREEKS!L4:L2003)*s^2*ls) | F71: =D71-E71 | G71: =LET(ls,CONTROL!B5,SUMPRODUCT(--(tblChainRaw[Strike Price]=A71),--(tblChainRaw[Option Type]="CE"),tblChainRaw[Open Interest],GREEKS!M4:M2003)*ls) | H71: =LET(ls,CONTROL!B5,SUMPRODUCT(--(tblChainRaw[Strike Price]=A71),--(tblChainRaw[Option Type]="PE"),tblChainRaw[Open Interest],GREEKS!M4:M2003)*ls) | I71: =G71+H71
A72: =IF(CHAIN_CALC!B5="","",CHAIN_CALC!B5+(-32)*CONTROL!B6) | B72: =SUMIFS(tblChainRaw[Open Interest],tblChainRaw[Strike Price],A72,tblChainRaw[Option Type],"CE") | C72: =SUMIFS(tblChainRaw[Open Interest],tblChainRaw[Strike Price],A72,tblChainRaw[Option Type],"PE") | D72: =LET(s,CONTROL!B4,ls,CONTROL!B5,SUMPRODUCT(--(tblChainRaw[Strike Price]=A72),--(tblChainRaw[Option Type]="CE"),tblChainRaw[Open Interest],GREEKS!L4:L2003)*s^2*ls) | E72: =LET(s,CONTROL!B4,ls,CONTROL!B5,SUMPRODUCT(--(tblChainRaw[Strike Price]=A72),--(tblChainRaw[Option Type]="PE"),tblChainRaw[Open Interest],GREEKS!L4:L2003)*s^2*ls) | F72: =D72-E72 | G72: =LET(ls,CONTROL!B5,SUMPRODUCT(--(tblChainRaw[Strike Price]=A72),--(tblChainRaw[Option Type]="CE"),tblChainRaw[Open Interest],GREEKS!M4:M2003)*ls) | H72: =LET(ls,CONTROL!B5,SUMPRODUCT(--(tblChainRaw[Strike Price]=A72),--(tblChainRaw[Option Type]="PE"),tblChainRaw[Open Interest],GREEKS!M4:M2003)*ls) | I72: =G72+H72
A73: =IF(CHAIN_CALC!B5="","",CHAIN_CALC!B5+(-31)*CONTROL!B6) | B73: =SUMIFS(tblChainRaw[Open Interest],tblChainRaw[Strike Price],A73,tblChainRaw[Option Type],"CE") | C73: =SUMIFS(tblChainRaw[Open Interest],tblChainRaw[Strike Price],A73,tblChainRaw[Option Type],"PE") | D73: =LET(s,CONTROL!B4,ls,CONTROL!B5,SUMPRODUCT(--(tblChainRaw[Strike Price]=A73),--(tblChainRaw[Option Type]="CE"),tblChainRaw[Open Interest],GREEKS!L4:L2003)*s^2*ls) | E73: =LET(s,CONTROL!B4,ls,CONTROL!B5,SUMPRODUCT(--(tblChainRaw[Strike Price]=A73),--(tblChainRaw[Option Type]="PE"),tblChainRaw[Open Interest],GREEKS!L4:L2003)*s^2*ls) | F73: =D73-E73 | G73: =LET(ls,CONTROL!B5,SUMPRODUCT(--(tblChainRaw[Strike Price]=A73),--(tblChainRaw[Option Type]="CE"),tblChainRaw[Open Interest],GREEKS!M4:M2003)*ls) | H73: =LET(ls,CONTROL!B5,SUMPRODUCT(--(tblChainRaw[Strike Price]=A73),--(tblChainRaw[Option Type]="PE"),tblChainRaw[Open Interest],GREEKS!M4:M2003)*ls) | I73: =G73+H73
A74: =IF(CHAIN_CALC!B5="","",CHAIN_CALC!B5+(-30)*CONTROL!B6) | B74: =SUMIFS(tblChainRaw[Open Interest],tblChainRaw[Strike Price],A74,tblChainRaw[Option Type],"CE") | C74: =SUMIFS(tblChainRaw[Open Interest],tblChainRaw[Strike Price],A74,tblChainRaw[Option Type],"PE") | D74: =LET(s,CONTROL!B4,ls,CONTROL!B5,SUMPRODUCT(--(tblChainRaw[Strike Price]=A74),--(tblChainRaw[Option Type]="CE"),tblChainRaw[Open Interest],GREEKS!L4:L2003)*s^2*ls) | E74: =LET(s,CONTROL!B4,ls,CONTROL!B5,SUMPRODUCT(--(tblChainRaw[Strike Price]=A74),--(tblChainRaw[Option Type]="PE"),tblChainRaw[Open Interest],GREEKS!L4:L2003)*s^2*ls) | F74: =D74-E74 | G74: =LET(ls,CONTROL!B5,SUMPRODUCT(--(tblChainRaw[Strike Price]=A74),--(tblChainRaw[Option Type]="CE"),tblChainRaw[Open Interest],GREEKS!M4:M2003)*ls) | H74: =LET(ls,CONTROL!B5,SUMPRODUCT(--(tblChainRaw[Strike Price]=A74),--(tblChainRaw[Option Type]="PE"),tblChainRaw[Open Interest],GREEKS!M4:M2003)*ls) | I74: =G74+H74
A75: =IF(CHAIN_CALC!B5="","",CHAIN_CALC!B5+(-29)*CONTROL!B6) | B75: =SUMIFS(tblChainRaw[Open Interest],tblChainRaw[Strike Price],A75,tblChainRaw[Option Type],"CE") | C75: =SUMIFS(tblChainRaw[Open Interest],tblChainRaw[Strike Price],A75,tblChainRaw[Option Type],"PE") | D75: =LET(s,CONTROL!B4,ls,CONTROL!B5,SUMPRODUCT(--(tblChainRaw[Strike Price]=A75),--(tblChainRaw[Option Type]="CE"),tblChainRaw[Open Interest],GREEKS!L4:L2003)*s^2*ls) | E75: =LET(s,CONTROL!B4,ls,CONTROL!B5,SUMPRODUCT(--(tblChainRaw[Strike Price]=A75),--(tblChainRaw[Option Type]="PE"),tblChainRaw[Open Interest],GREEKS!L4:L2003)*s^2*ls) | F75: =D75-E75 | G75: =LET(ls,CONTROL!B5,SUMPRODUCT(--(tblChainRaw[Strike Price]=A75),--(tblChainRaw[Option Type]="CE"),tblChainRaw[Open Interest],GREEKS!M4:M2003)*ls) | H75: =LET(ls,CONTROL!B5,SUMPRODUCT(--(tblChainRaw[Strike Price]=A75),--(tblChainRaw[Option Type]="PE"),tblChainRaw[Open Interest],GREEKS!M4:M2003)*ls) | I75: =G75+H75
A76: =IF(CHAIN_CALC!B5="","",CHAIN_CALC!B5+(-28)*CONTROL!B6) | B76: =SUMIFS(tblChainRaw[Open Interest],tblChainRaw[Strike Price],A76,tblChainRaw[Option Type],"CE") | C76: =SUMIFS(tblChainRaw[Open Interest],tblChainRaw[Strike Price],A76,tblChainRaw[Option Type],"PE") | D76: =LET(s,CONTROL!B4,ls,CONTROL!B5,SUMPRODUCT(--(tblChainRaw[Strike Price]=A76),--(tblChainRaw[Option Type]="CE"),tblChainRaw[Open Interest],GREEKS!L4:L2003)*s^2*ls) | E76: =LET(s,CONTROL!B4,ls,CONTROL!B5,SUMPRODUCT(--(tblChainRaw[Strike Price]=A76),--(tblChainRaw[Option Type]="PE"),tblChainRaw[Open Interest],GREEKS!L4:L2003)*s^2*ls) | F76: =D76-E76 | G76: =LET(ls,CONTROL!B5,SUMPRODUCT(--(tblChainRaw[Strike Price]=A76),--(tblChainRaw[Option Type]="CE"),tblChainRaw[Open Interest],GREEKS!M4:M2003)*ls) | H76: =LET(ls,CONTROL!B5,SUMPRODUCT(--(tblChainRaw[Strike Price]=A76),--(tblChainRaw[Option Type]="PE"),tblChainRaw[Open Interest],GREEKS!M4:M2003)*ls) | I76: =G76+H76
A77: =IF(CHAIN_CALC!B5="","",CHAIN_CALC!B5+(-27)*CONTROL!B6) | B77: =SUMIFS(tblChainRaw[Open Interest],tblChainRaw[Strike Price],A77,tblChainRaw[Option Type],"CE") | C77: =SUMIFS(tblChainRaw[Open Interest],tblChainRaw[Strike Price],A77,tblChainRaw[Option Type],"PE") | D77: =LET(s,CONTROL!B4,ls,CONTROL!B5,SUMPRODUCT(--(tblChainRaw[Strike Price]=A77),--(tblChainRaw[Option Type]="CE"),tblChainRaw[Open Interest],GREEKS!L4:L2003)*s^2*ls) | E77: =LET(s,CONTROL!B4,ls,CONTROL!B5,SUMPRODUCT(--(tblChainRaw[Strike Price]=A77),--(tblChainRaw[Option Type]="PE"),tblChainRaw[Open Interest],GREEKS!L4:L2003)*s^2*ls) | F77: =D77-E77 | G77: =LET(ls,CONTROL!B5,SUMPRODUCT(--(tblChainRaw[Strike Price]=A77),--(tblChainRaw[Option Type]="CE"),tblChainRaw[Open Interest],GREEKS!M4:M2003)*ls) | H77: =LET(ls,CONTROL!B5,SUMPRODUCT(--(tblChainRaw[Strike Price]=A77),--(tblChainRaw[Option Type]="PE"),tblChainRaw[Open Interest],GREEKS!M4:M2003)*ls) | I77: =G77+H77
A78: =IF(CHAIN_CALC!B5="","",CHAIN_CALC!B5+(-26)*CONTROL!B6) | B78: =SUMIFS(tblChainRaw[Open Interest],tblChainRaw[Strike Price],A78,tblChainRaw[Option Type],"CE") | C78: =SUMIFS(tblChainRaw[Open Interest],tblChainRaw[Strike Price],A78,tblChainRaw[Option Type],"PE") | D78: =LET(s,CONTROL!B4,ls,CONTROL!B5,SUMPRODUCT(--(tblChainRaw[Strike Price]=A78),--(tblChainRaw[Option Type]="CE"),tblChainRaw[Open Interest],GREEKS!L4:L2003)*s^2*ls) | E78: =LET(s,CONTROL!B4,ls,CONTROL!B5,SUMPRODUCT(--(tblChainRaw[Strike Price]=A78),--(tblChainRaw[Option Type]="PE"),tblChainRaw[Open Interest],GREEKS!L4:L2003)*s^2*ls) | F78: =D78-E78 | G78: =LET(ls,CONTROL!B5,SUMPRODUCT(--(tblChainRaw[Strike Price]=A78),--(tblChainRaw[Option Type]="CE"),tblChainRaw[Open Interest],GREEKS!M4:M2003)*ls) | H78: =LET(ls,CONTROL!B5,SUMPRODUCT(--(tblChainRaw[Strike Price]=A78),--(tblChainRaw[Option Type]="PE"),tblChainRaw[Open Interest],GREEKS!M4:M2003)*ls) | I78: =G78+H78
A79: =IF(CHAIN_CALC!B5="","",CHAIN_CALC!B5+(-25)*CONTROL!B6) | B79: =SUMIFS(tblChainRaw[Open Interest],tblChainRaw[Strike Price],A79,tblChainRaw[Option Type],"CE") | C79: =SUMIFS(tblChainRaw[Open Interest],tblChainRaw[Strike Price],A79,tblChainRaw[Option Type],"PE") | D79: =LET(s,CONTROL!B4,ls,CONTROL!B5,SUMPRODUCT(--(tblChainRaw[Strike Price]=A79),--(tblChainRaw[Option Type]="CE"),tblChainRaw[Open Interest],GREEKS!L4:L2003)*s^2*ls) | E79: =LET(s,CONTROL!B4,ls,CONTROL!B5,SUMPRODUCT(--(tblChainRaw[Strike Price]=A79),--(tblChainRaw[Option Type]="PE"),tblChainRaw[Open Interest],GREEKS!L4:L2003)*s^2*ls) | F79: =D79-E79 | G79: =LET(ls,CONTROL!B5,SUMPRODUCT(--(tblChainRaw[Strike Price]=A79),--(tblChainRaw[Option Type]="CE"),tblChainRaw[Open Interest],GREEKS!M4:M2003)*ls) | H79: =LET(ls,CONTROL!B5,SUMPRODUCT(--(tblChainRaw[Strike Price]=A79),--(tblChainRaw[Option Type]="PE"),tblChainRaw[Open Interest],GREEKS!M4:M2003)*ls) | I79: =G79+H79
A80: =IF(CHAIN_CALC!B5="","",CHAIN_CALC!B5+(-24)*CONTROL!B6) | B80: =SUMIFS(tblChainRaw[Open Interest],tblChainRaw[Strike Price],A80,tblChainRaw[Option Type],"CE") | C80: =SUMIFS(tblChainRaw[Open Interest],tblChainRaw[Strike Price],A80,tblChainRaw[Option Type],"PE") | D80: =LET(s,CONTROL!B4,ls,CONTROL!B5,SUMPRODUCT(--(tblChainRaw[Strike Price]=A80),--(tblChainRaw[Option Type]="CE"),tblChainRaw[Open Interest],GREEKS!L4:L2003)*s^2*ls) | E80: =LET(s,CONTROL!B4,ls,CONTROL!B5,SUMPRODUCT(--(tblChainRaw[Strike Price]=A80),--(tblChainRaw[Option Type]="PE"),tblChainRaw[Open Interest],GREEKS!L4:L2003)*s^2*ls) | F80: =D80-E80 | G80: =LET(ls,CONTROL!B5,SUMPRODUCT(--(tblChainRaw[Strike Price]=A80),--(tblChainRaw[Option Type]="CE"),tblChainRaw[Open Interest],GREEKS!M4:M2003)*ls) | H80: =LET(ls,CONTROL!B5,SUMPRODUCT(--(tblChainRaw[Strike Price]=A80),--(tblChainRaw[Option Type]="PE"),tblChainRaw[Open Interest],GREEKS!M4:M2003)*ls) | I80: =G80+H80
A81: =IF(CHAIN_CALC!B5="","",CHAIN_CALC!B5+(-23)*CONTROL!B6) | B81: =SUMIFS(tblChainRaw[Open Interest],tblChainRaw[Strike Price],A81,tblChainRaw[Option Type],"CE") | C81: =SUMIFS(tblChainRaw[Open Interest],tblChainRaw[Strike Price],A81,tblChainRaw[Option Type],"PE") | D81: =LET(s,CONTROL!B4,ls,CONTROL!B5,SUMPRODUCT(--(tblChainRaw[Strike Price]=A81),--(tblChainRaw[Option Type]="CE"),tblChainRaw[Open Interest],GREEKS!L4:L2003)*s^2*ls) | E81: =LET(s,CONTROL!B4,ls,CONTROL!B5,SUMPRODUCT(--(tblChainRaw[Strike Price]=A81),--(tblChainRaw[Option Type]="PE"),tblChainRaw[Open Interest],GREEKS!L4:L2003)*s^2*ls) | F81: =D81-E81 | G81: =LET(ls,CONTROL!B5,SUMPRODUCT(--(tblChainRaw[Strike Price]=A81),--(tblChainRaw[Option Type]="CE"),tblChainRaw[Open Interest],GREEKS!M4:M2003)*ls) | H81: =LET(ls,CONTROL!B5,SUMPRODUCT(--(tblChainRaw[Strike Price]=A81),--(tblChainRaw[Option Type]="PE"),tblChainRaw[Open Interest],GREEKS!M4:M2003)*ls) | I81: =G81+H81
A82: =IF(CHAIN_CALC!B5="","",CHAIN_CALC!B5+(-22)*CONTROL!B6) | B82: =SUMIFS(tblChainRaw[Open Interest],tblChainRaw[Strike Price],A82,tblChainRaw[Option Type],"CE") | C82: =SUMIFS(tblChainRaw[Open Interest],tblChainRaw[Strike Price],A82,tblChainRaw[Option Type],"PE") | D82: =LET(s,CONTROL!B4,ls,CONTROL!B5,SUMPRODUCT(--(tblChainRaw[Strike Price]=A82),--(tblChainRaw[Option Type]="CE"),tblChainRaw[Open Interest],GREEKS!L4:L2003)*s^2*ls) | E82: =LET(s,CONTROL!B4,ls,CONTROL!B5,SUMPRODUCT(--(tblChainRaw[Strike Price]=A82),--(tblChainRaw[Option Type]="PE"),tblChainRaw[Open Interest],GREEKS!L4:L2003)*s^2*ls) | F82: =D82-E82 | G82: =LET(ls,CONTROL!B5,SUMPRODUCT(--(tblChainRaw[Strike Price]=A82),--(tblChainRaw[Option Type]="CE"),tblChainRaw[Open Interest],GREEKS!M4:M2003)*ls) | H82: =LET(ls,CONTROL!B5,SUMPRODUCT(--(tblChainRaw[Strike Price]=A82),--(tblChainRaw[Option Type]="PE"),tblChainRaw[Open Interest],GREEKS!M4:M2003)*ls) | I82: =G82+H82
A83: =IF(CHAIN_CALC!B5="","",CHAIN_CALC!B5+(-21)*CONTROL!B6) | B83: =SUMIFS(tblChainRaw[Open Interest],tblChainRaw[Strike Price],A83,tblChainRaw[Option Type],"CE") | C83: =SUMIFS(tblChainRaw[Open Interest],tblChainRaw[Strike Price],A83,tblChainRaw[Option Type],"PE") | D83: =LET(s,CONTROL!B4,ls,CONTROL!B5,SUMPRODUCT(--(tblChainRaw[Strike Price]=A83),--(tblChainRaw[Option Type]="CE"),tblChainRaw[Open Interest],GREEKS!L4:L2003)*s^2*ls) | E83: =LET(s,CONTROL!B4,ls,CONTROL!B5,SUMPRODUCT(--(tblChainRaw[Strike Price]=A83),--(tblChainRaw[Option Type]="PE"),tblChainRaw[Open Interest],GREEKS!L4:L2003)*s^2*ls) | F83: =D83-E83 | G83: =LET(ls,CONTROL!B5,SUMPRODUCT(--(tblChainRaw[Strike Price]=A83),--(tblChainRaw[Option Type]="CE"),tblChainRaw[Open Interest],GREEKS!M4:M2003)*ls) | H83: =LET(ls,CONTROL!B5,SUMPRODUCT(--(tblChainRaw[Strike Price]=A83),--(tblChainRaw[Option Type]="PE"),tblChainRaw[Open Interest],GREEKS!M4:M2003)*ls) | I83: =G83+H83
A84: =IF(CHAIN_CALC!B5="","",CHAIN_CALC!B5+(-20)*CONTROL!B6) | B84: =SUMIFS(tblChainRaw[Open Interest],tblChainRaw[Strike Price],A84,tblChainRaw[Option Type],"CE") | C84: =SUMIFS(tblChainRaw[Open Interest],tblChainRaw[Strike Price],A84,tblChainRaw[Option Type],"PE") | D84: =LET(s,CONTROL!B4,ls,CONTROL!B5,SUMPRODUCT(--(tblChainRaw[Strike Price]=A84),--(tblChainRaw[Option Type]="CE"),tblChainRaw[Open Interest],GREEKS!L4:L2003)*s^2*ls) | E84: =LET(s,CONTROL!B4,ls,CONTROL!B5,SUMPRODUCT(--(tblChainRaw[Strike Price]=A84),--(tblChainRaw[Option Type]="PE"),tblChainRaw[Open Interest],GREEKS!L4:L2003)*s^2*ls) | F84: =D84-E84 | G84: =LET(ls,CONTROL!B5,SUMPRODUCT(--(tblChainRaw[Strike Price]=A84),--(tblChainRaw[Option Type]="CE"),tblChainRaw[Open Interest],GREEKS!M4:M2003)*ls) | H84: =LET(ls,CONTROL!B5,SUMPRODUCT(--(tblChainRaw[Strike Price]=A84),--(tblChainRaw[Option Type]="PE"),tblChainRaw[Open Interest],GREEKS!M4:M2003)*ls) | I84: =G84+H84
A85: =IF(CHAIN_CALC!B5="","",CHAIN_CALC!B5+(-19)*CONTROL!B6) | B85: =SUMIFS(tblChainRaw[Open Interest],tblChainRaw[Strike Price],A85,tblChainRaw[Option Type],"CE") | C85: =SUMIFS(tblChainRaw[Open Interest],tblChainRaw[Strike Price],A85,tblChainRaw[Option Type],"PE") | D85: =LET(s,CONTROL!B4,ls,CONTROL!B5,SUMPRODUCT(--(tblChainRaw[Strike Price]=A85),--(tblChainRaw[Option Type]="CE"),tblChainRaw[Open Interest],GREEKS!L4:L2003)*s^2*ls) | E85: =LET(s,CONTROL!B4,ls,CONTROL!B5,SUMPRODUCT(--(tblChainRaw[Strike Price]=A85),--(tblChainRaw[Option Type]="PE"),tblChainRaw[Open Interest],GREEKS!L4:L2003)*s^2*ls) | F85: =D85-E85 | G85: =LET(ls,CONTROL!B5,SUMPRODUCT(--(tblChainRaw[Strike Price]=A85),--(tblChainRaw[Option Type]="CE"),tblChainRaw[Open Interest],GREEKS!M4:M2003)*ls) | H85: =LET(ls,CONTROL!B5,SUMPRODUCT(--(tblChainRaw[Strike Price]=A85),--(tblChainRaw[Option Type]="PE"),tblChainRaw[Open Interest],GREEKS!M4:M2003)*ls) | I85: =G85+H85
A86: =IF(CHAIN_CALC!B5="","",CHAIN_CALC!B5+(-18)*CONTROL!B6) | B86: =SUMIFS(tblChainRaw[Open Interest],tblChainRaw[Strike Price],A86,tblChainRaw[Option Type],"CE") | C86: =SUMIFS(tblChainRaw[Open Interest],tblChainRaw[Strike Price],A86,tblChainRaw[Option Type],"PE") | D86: =LET(s,CONTROL!B4,ls,CONTROL!B5,SUMPRODUCT(--(tblChainRaw[Strike Price]=A86),--(tblChainRaw[Option Type]="CE"),tblChainRaw[Open Interest],GREEKS!L4:L2003)*s^2*ls) | E86: =LET(s,CONTROL!B4,ls,CONTROL!B5,SUMPRODUCT(--(tblChainRaw[Strike Price]=A86),--(tblChainRaw[Option Type]="PE"),tblChainRaw[Open Interest],GREEKS!L4:L2003)*s^2*ls) | F86: =D86-E86 | G86: =LET(ls,CONTROL!B5,SUMPRODUCT(--(tblChainRaw[Strike Price]=A86),--(tblChainRaw[Option Type]="CE"),tblChainRaw[Open Interest],GREEKS!M4:M2003)*ls) | H86: =LET(ls,CONTROL!B5,SUMPRODUCT(--(tblChainRaw[Strike Price]=A86),--(tblChainRaw[Option Type]="PE"),tblChainRaw[Open Interest],GREEKS!M4:M2003)*ls) | I86: =G86+H86
A87: =IF(CHAIN_CALC!B5="","",CHAIN_CALC!B5+(-17)*CONTROL!B6) | B87: =SUMIFS(tblChainRaw[Open Interest],tblChainRaw[Strike Price],A87,tblChainRaw[Option Type],"CE") | C87: =SUMIFS(tblChainRaw[Open Interest],tblChainRaw[Strike Price],A87,tblChainRaw[Option Type],"PE") | D87: =LET(s,CONTROL!B4,ls,CONTROL!B5,SUMPRODUCT(--(tblChainRaw[Strike Price]=A87),--(tblChainRaw[Option Type]="CE"),tblChainRaw[Open Interest],GREEKS!L4:L2003)*s^2*ls) | E87: =LET(s,CONTROL!B4,ls,CONTROL!B5,SUMPRODUCT(--(tblChainRaw[Strike Price]=A87),--(tblChainRaw[Option Type]="PE"),tblChainRaw[Open Interest],GREEKS!L4:L2003)*s^2*ls) | F87: =D87-E87 | G87: =LET(ls,CONTROL!B5,SUMPRODUCT(--(tblChainRaw[Strike Price]=A87),--(tblChainRaw[Option Type]="CE"),tblChainRaw[Open Interest],GREEKS!M4:M2003)*ls) | H87: =LET(ls,CONTROL!B5,SUMPRODUCT(--(tblChainRaw[Strike Price]=A87),--(tblChainRaw[Option Type]="PE"),tblChainRaw[Open Interest],GREEKS!M4:M2003)*ls) | I87: =G87+H87
A88: =IF(CHAIN_CALC!B5="","",CHAIN_CALC!B5+(-16)*CONTROL!B6) | B88: =SUMIFS(tblChainRaw[Open Interest],tblChainRaw[Strike Price],A88,tblChainRaw[Option Type],"CE") | C88: =SUMIFS(tblChainRaw[Open Interest],tblChainRaw[Strike Price],A88,tblChainRaw[Option Type],"PE") | D88: =LET(s,CONTROL!B4,ls,CONTROL!B5,SUMPRODUCT(--(tblChainRaw[Strike Price]=A88),--(tblChainRaw[Option Type]="CE"),tblChainRaw[Open Interest],GREEKS!L4:L2003)*s^2*ls) | E88: =LET(s,CONTROL!B4,ls,CONTROL!B5,SUMPRODUCT(--(tblChainRaw[Strike Price]=A88),--(tblChainRaw[Option Type]="PE"),tblChainRaw[Open Interest],GREEKS!L4:L2003)*s^2*ls) | F88: =D88-E88 | G88: =LET(ls,CONTROL!B5,SUMPRODUCT(--(tblChainRaw[Strike Price]=A88),--(tblChainRaw[Option Type]="CE"),tblChainRaw[Open Interest],GREEKS!M4:M2003)*ls) | H88: =LET(ls,CONTROL!B5,SUMPRODUCT(--(tblChainRaw[Strike Price]=A88),--(tblChainRaw[Option Type]="PE"),tblChainRaw[Open Interest],GREEKS!M4:M2003)*ls) | I88: =G88+H88
A89: =IF(CHAIN_CALC!B5="","",CHAIN_CALC!B5+(-15)*CONTROL!B6) | B89: =SUMIFS(tblChainRaw[Open Interest],tblChainRaw[Strike Price],A89,tblChainRaw[Option Type],"CE") | C89: =SUMIFS(tblChainRaw[Open Interest],tblChainRaw[Strike Price],A89,tblChainRaw[Option Type],"PE") | D89: =LET(s,CONTROL!B4,ls,CONTROL!B5,SUMPRODUCT(--(tblChainRaw[Strike Price]=A89),--(tblChainRaw[Option Type]="CE"),tblChainRaw[Open Interest],GREEKS!L4:L2003)*s^2*ls) | E89: =LET(s,CONTROL!B4,ls,CONTROL!B5,SUMPRODUCT(--(tblChainRaw[Strike Price]=A89),--(tblChainRaw[Option Type]="PE"),tblChainRaw[Open Interest],GREEKS!L4:L2003)*s^2*ls) | F89: =D89-E89 | G89: =LET(ls,CONTROL!B5,SUMPRODUCT(--(tblChainRaw[Strike Price]=A89),--(tblChainRaw[Option Type]="CE"),tblChainRaw[Open Interest],GREEKS!M4:M2003)*ls) | H89: =LET(ls,CONTROL!B5,SUMPRODUCT(--(tblChainRaw[Strike Price]=A89),--(tblChainRaw[Option Type]="PE"),tblChainRaw[Open Interest],GREEKS!M4:M2003)*ls) | I89: =G89+H89
A90: =IF(CHAIN_CALC!B5="","",CHAIN_CALC!B5+(-14)*CONTROL!B6) | B90: =SUMIFS(tblChainRaw[Open Interest],tblChainRaw[Strike Price],A90,tblChainRaw[Option Type],"CE") | C90: =SUMIFS(tblChainRaw[Open Interest],tblChainRaw[Strike Price],A90,tblChainRaw[Option Type],"PE") | D90: =LET(s,CONTROL!B4,ls,CONTROL!B5,SUMPRODUCT(--(tblChainRaw[Strike Price]=A90),--(tblChainRaw[Option Type]="CE"),tblChainRaw[Open Interest],GREEKS!L4:L2003)*s^2*ls) | E90: =LET(s,CONTROL!B4,ls,CONTROL!B5,SUMPRODUCT(--(tblChainRaw[Strike Price]=A90),--(tblChainRaw[Option Type]="PE"),tblChainRaw[Open Interest],GREEKS!L4:L2003)*s^2*ls) | F90: =D90-E90 | G90: =LET(ls,CONTROL!B5,SUMPRODUCT(--(tblChainRaw[Strike Price]=A90),--(tblChainRaw[Option Type]="CE"),tblChainRaw[Open Interest],GREEKS!M4:M2003)*ls) | H90: =LET(ls,CONTROL!B5,SUMPRODUCT(--(tblChainRaw[Strike Price]=A90),--(tblChainRaw[Option Type]="PE"),tblChainRaw[Open Interest],GREEKS!M4:M2003)*ls) | I90: =G90+H90
A91: =IF(CHAIN_CALC!B5="","",CHAIN_CALC!B5+(-13)*CONTROL!B6) | B91: =SUMIFS(tblChainRaw[Open Interest],tblChainRaw[Strike Price],A91,tblChainRaw[Option Type],"CE") | C91: =SUMIFS(tblChainRaw[Open Interest],tblChainRaw[Strike Price],A91,tblChainRaw[Option Type],"PE") | D91: =LET(s,CONTROL!B4,ls,CONTROL!B5,SUMPRODUCT(--(tblChainRaw[Strike Price]=A91),--(tblChainRaw[Option Type]="CE"),tblChainRaw[Open Interest],GREEKS!L4:L2003)*s^2*ls) | E91: =LET(s,CONTROL!B4,ls,CONTROL!B5,SUMPRODUCT(--(tblChainRaw[Strike Price]=A91),--(tblChainRaw[Option Type]="PE"),tblChainRaw[Open Interest],GREEKS!L4:L2003)*s^2*ls) | F91: =D91-E91 | G91: =LET(ls,CONTROL!B5,SUMPRODUCT(--(tblChainRaw[Strike Price]=A91),--(tblChainRaw[Option Type]="CE"),tblChainRaw[Open Interest],GREEKS!M4:M2003)*ls) | H91: =LET(ls,CONTROL!B5,SUMPRODUCT(--(tblChainRaw[Strike Price]=A91),--(tblChainRaw[Option Type]="PE"),tblChainRaw[Open Interest],GREEKS!M4:M2003)*ls) | I91: =G91+H91
A92: =IF(CHAIN_CALC!B5="","",CHAIN_CALC!B5+(-12)*CONTROL!B6) | B92: =SUMIFS(tblChainRaw[Open Interest],tblChainRaw[Strike Price],A92,tblChainRaw[Option Type],"CE") | C92: =SUMIFS(tblChainRaw[Open Interest],tblChainRaw[Strike Price],A92,tblChainRaw[Option Type],"PE") | D92: =LET(s,CONTROL!B4,ls,CONTROL!B5,SUMPRODUCT(--(tblChainRaw[Strike Price]=A92),--(tblChainRaw[Option Type]="CE"),tblChainRaw[Open Interest],GREEKS!L4:L2003)*s^2*ls) | E92: =LET(s,CONTROL!B4,ls,CONTROL!B5,SUMPRODUCT(--(tblChainRaw[Strike Price]=A92),--(tblChainRaw[Option Type]="PE"),tblChainRaw[Open Interest],GREEKS!L4:L2003)*s^2*ls) | F92: =D92-E92 | G92: =LET(ls,CONTROL!B5,SUMPRODUCT(--(tblChainRaw[Strike Price]=A92),--(tblChainRaw[Option Type]="CE"),tblChainRaw[Open Interest],GREEKS!M4:M2003)*ls) | H92: =LET(ls,CONTROL!B5,SUMPRODUCT(--(tblChainRaw[Strike Price]=A92),--(tblChainRaw[Option Type]="PE"),tblChainRaw[Open Interest],GREEKS!M4:M2003)*ls) | I92: =G92+H92
A93: =IF(CHAIN_CALC!B5="","",CHAIN_CALC!B5+(-11)*CONTROL!B6) | B93: =SUMIFS(tblChainRaw[Open Interest],tblChainRaw[Strike Price],A93,tblChainRaw[Option Type],"CE") | C93: =SUMIFS(tblChainRaw[Open Interest],tblChainRaw[Strike Price],A93,tblChainRaw[Option Type],"PE") | D93: =LET(s,CONTROL!B4,ls,CONTROL!B5,SUMPRODUCT(--(tblChainRaw[Strike Price]=A93),--(tblChainRaw[Option Type]="CE"),tblChainRaw[Open Interest],GREEKS!L4:L2003)*s^2*ls) | E93: =LET(s,CONTROL!B4,ls,CONTROL!B5,SUMPRODUCT(--(tblChainRaw[Strike Price]=A93),--(tblChainRaw[Option Type]="PE"),tblChainRaw[Open Interest],GREEKS!L4:L2003)*s^2*ls) | F93: =D93-E93 | G93: =LET(ls,CONTROL!B5,SUMPRODUCT(--(tblChainRaw[Strike Price]=A93),--(tblChainRaw[Option Type]="CE"),tblChainRaw[Open Interest],GREEKS!M4:M2003)*ls) | H93: =LET(ls,CONTROL!B5,SUMPRODUCT(--(tblChainRaw[Strike Price]=A93),--(tblChainRaw[Option Type]="PE"),tblChainRaw[Open Interest],GREEKS!M4:M2003)*ls) | I93: =G93+H93
A94: =IF(CHAIN_CALC!B5="","",CHAIN_CALC!B5+(-10)*CONTROL!B6) | B94: =SUMIFS(tblChainRaw[Open Interest],tblChainRaw[Strike Price],A94,tblChainRaw[Option Type],"CE") | C94: =SUMIFS(tblChainRaw[Open Interest],tblChainRaw[Strike Price],A94,tblChainRaw[Option Type],"PE") | D94: =LET(s,CONTROL!B4,ls,CONTROL!B5,SUMPRODUCT(--(tblChainRaw[Strike Price]=A94),--(tblChainRaw[Option Type]="CE"),tblChainRaw[Open Interest],GREEKS!L4:L2003)*s^2*ls) | E94: =LET(s,CONTROL!B4,ls,CONTROL!B5,SUMPRODUCT(--(tblChainRaw[Strike Price]=A94),--(tblChainRaw[Option Type]="PE"),tblChainRaw[Open Interest],GREEKS!L4:L2003)*s^2*ls) | F94: =D94-E94 | G94: =LET(ls,CONTROL!B5,SUMPRODUCT(--(tblChainRaw[Strike Price]=A94),--(tblChainRaw[Option Type]="CE"),tblChainRaw[Open Interest],GREEKS!M4:M2003)*ls) | H94: =LET(ls,CONTROL!B5,SUMPRODUCT(--(tblChainRaw[Strike Price]=A94),--(tblChainRaw[Option Type]="PE"),tblChainRaw[Open Interest],GREEKS!M4:M2003)*ls) | I94: =G94+H94
A95: =IF(CHAIN_CALC!B5="","",CHAIN_CALC!B5+(-9)*CONTROL!B6) | B95: =SUMIFS(tblChainRaw[Open Interest],tblChainRaw[Strike Price],A95,tblChainRaw[Option Type],"CE") | C95: =SUMIFS(tblChainRaw[Open Interest],tblChainRaw[Strike Price],A95,tblChainRaw[Option Type],"PE") | D95: =LET(s,CONTROL!B4,ls,CONTROL!B5,SUMPRODUCT(--(tblChainRaw[Strike Price]=A95),--(tblChainRaw[Option Type]="CE"),tblChainRaw[Open Interest],GREEKS!L4:L2003)*s^2*ls) | E95: =LET(s,CONTROL!B4,ls,CONTROL!B5,SUMPRODUCT(--(tblChainRaw[Strike Price]=A95),--(tblChainRaw[Option Type]="PE"),tblChainRaw[Open Interest],GREEKS!L4:L2003)*s^2*ls) | F95: =D95-E95 | G95: =LET(ls,CONTROL!B5,SUMPRODUCT(--(tblChainRaw[Strike Price]=A95),--(tblChainRaw[Option Type]="CE"),tblChainRaw[Open Interest],GREEKS!M4:M2003)*ls) | H95: =LET(ls,CONTROL!B5,SUMPRODUCT(--(tblChainRaw[Strike Price]=A95),--(tblChainRaw[Option Type]="PE"),tblChainRaw[Open Interest],GREEKS!M4:M2003)*ls) | I95: =G95+H95
A96: =IF(CHAIN_CALC!B5="","",CHAIN_CALC!B5+(-8)*CONTROL!B6) | B96: =SUMIFS(tblChainRaw[Open Interest],tblChainRaw[Strike Price],A96,tblChainRaw[Option Type],"CE") | C96: =SUMIFS(tblChainRaw[Open Interest],tblChainRaw[Strike Price],A96,tblChainRaw[Option Type],"PE") | D96: =LET(s,CONTROL!B4,ls,CONTROL!B5,SUMPRODUCT(--(tblChainRaw[Strike Price]=A96),--(tblChainRaw[Option Type]="CE"),tblChainRaw[Open Interest],GREEKS!L4:L2003)*s^2*ls) | E96: =LET(s,CONTROL!B4,ls,CONTROL!B5,SUMPRODUCT(--(tblChainRaw[Strike Price]=A96),--(tblChainRaw[Option Type]="PE"),tblChainRaw[Open Interest],GREEKS!L4:L2003)*s^2*ls) | F96: =D96-E96 | G96: =LET(ls,CONTROL!B5,SUMPRODUCT(--(tblChainRaw[Strike Price]=A96),--(tblChainRaw[Option Type]="CE"),tblChainRaw[Open Interest],GREEKS!M4:M2003)*ls) | H96: =LET(ls,CONTROL!B5,SUMPRODUCT(--(tblChainRaw[Strike Price]=A96),--(tblChainRaw[Option Type]="PE"),tblChainRaw[Open Interest],GREEKS!M4:M2003)*ls) | I96: =G96+H96
A97: =IF(CHAIN_CALC!B5="","",CHAIN_CALC!B5+(-7)*CONTROL!B6) | B97: =SUMIFS(tblChainRaw[Open Interest],tblChainRaw[Strike Price],A97,tblChainRaw[Option Type],"CE") | C97: =SUMIFS(tblChainRaw[Open Interest],tblChainRaw[Strike Price],A97,tblChainRaw[Option Type],"PE") | D97: =LET(s,CONTROL!B4,ls,CONTROL!B5,SUMPRODUCT(--(tblChainRaw[Strike Price]=A97),--(tblChainRaw[Option Type]="CE"),tblChainRaw[Open Interest],GREEKS!L4:L2003)*s^2*ls) | E97: =LET(s,CONTROL!B4,ls,CONTROL!B5,SUMPRODUCT(--(tblChainRaw[Strike Price]=A97),--(tblChainRaw[Option Type]="PE"),tblChainRaw[Open Interest],GREEKS!L4:L2003)*s^2*ls) | F97: =D97-E97 | G97: =LET(ls,CONTROL!B5,SUMPRODUCT(--(tblChainRaw[Strike Price]=A97),--(tblChainRaw[Option Type]="CE"),tblChainRaw[Open Interest],GREEKS!M4:M2003)*ls) | H97: =LET(ls,CONTROL!B5,SUMPRODUCT(--(tblChainRaw[Strike Price]=A97),--(tblChainRaw[Option Type]="PE"),tblChainRaw[Open Interest],GREEKS!M4:M2003)*ls) | I97: =G97+H97
